file_name,plates_string
test/0.jpg,X000XX00
test/1.jpg,X000XX00
test/2.jpg,X000XX00
test/3.jpg,X000XX00
test/4.bmp,X000XX00
test/5.bmp,X000XX00
test/6.jpg,X000XX00
test/7.bmp,X000XX00
test/8.jpg,X000XX00
test/9.bmp,X000XX00
test/10.jpg,X000XX00
test/11.jpg,X000XX00
test/12.bmp,X000XX00
test/13.jpg,X000XX00
test/14.jpg,X000XX00
test/15.jpg,X000XX00
test/16.jpg,X000XX00
test/17.jpg,X000XX00
test/18.jpg,X000XX00
test/19.jpg,X000XX00
test/20.bmp,X000XX00
test/21.jpg,X000XX00
test/22.jpg,X000XX00
test/23.jpg,X000XX00
test/24.jpg,X000XX00
test/25.jpg,X000XX00
test/26.bmp,X000XX00
test/27.jpg,X000XX00
test/28.jpg,X000XX00
test/29.jpg,X000XX00
test/30.jpg,X000XX00
test/31.jpg,X000XX00
test/32.jpeg,X000XX00
test/33.jpg,X000XX00
test/34.jpg,X000XX00
test/35.jpg,X000XX00
test/36.jpg,X000XX00
test/37.jpg,X000XX00
test/38.bmp,X000XX00
test/39.bmp,X000XX00
test/40.jpg,X000XX00
test/41.jpg,X000XX00
test/42.jpg,X000XX00
test/43.jpg,X000XX00
test/44.bmp,X000XX00
test/45.jpg,X000XX00
test/46.jpg,X000XX00
test/47.bmp,X000XX00
test/48.bmp,X000XX00
test/49.jpg,X000XX00
test/50.jpg,X000XX00
test/51.jpg,X000XX00
test/52.jpg,X000XX00
test/53.jpg,X000XX00
test/54.jpg,X000XX00
test/55.bmp,X000XX00
test/56.jpg,X000XX00
test/57.jpg,X000XX00
test/58.bmp,X000XX00
test/59.jpg,X000XX00
test/60.jpg,X000XX00
test/61.jpg,X000XX00
test/62.jpg,X000XX00
test/63.bmp,X000XX00
test/64.jpg,X000XX00
test/65.jpg,X000XX00
test/66.jpg,X000XX00
test/67.jpg,X000XX00
test/68.bmp,X000XX00
test/69.jpg,X000XX00
test/70.jpg,X000XX00
test/71.jpg,X000XX00
test/72.jpg,X000XX00
test/73.jpg,X000XX00
test/74.jpg,X000XX00
test/75.bmp,X000XX00
test/76.jpg,X000XX00
test/77.jpg,X000XX00
test/78.bmp,X000XX00
test/79.jpg,X000XX00
test/80.bmp,X000XX00
test/81.jpg,X000XX00
test/82.bmp,X000XX00
test/83.bmp,X000XX00
test/84.bmp,X000XX00
test/85.jpg,X000XX00
test/86.bmp,X000XX00
test/87.bmp,X000XX00
test/88.jpg,X000XX00
test/89.bmp,X000XX00
test/90.jpg,X000XX00
test/91.bmp,X000XX00
test/92.bmp,X000XX00
test/93.jpeg,X000XX00
test/94.bmp,X000XX00
test/95.bmp,X000XX00
test/96.jpg,X000XX00
test/97.bmp,X000XX00
test/98.bmp,X000XX00
test/99.jpg,X000XX00
test/100.jpg,X000XX00
test/101.jpg,X000XX00
test/102.png,X000XX00
test/103.jpg,X000XX00
test/104.jpg,X000XX00
test/105.jpg,X000XX00
test/106.jpg,X000XX00
test/107.jpg,X000XX00
test/108.jpg,X000XX00
test/109.jpg,X000XX00
test/110.jpg,X000XX00
test/111.jpg,X000XX00
test/112.bmp,X000XX00
test/113.bmp,X000XX00
test/114.jpg,X000XX00
test/115.bmp,X000XX00
test/116.jpg,X000XX00
test/117.jpg,X000XX00
test/118.jpg,X000XX00
test/119.jpg,X000XX00
test/120.jpg,X000XX00
test/121.jpg,X000XX00
test/122.bmp,X000XX00
test/123.bmp,X000XX00
test/124.jpg,X000XX00
test/125.bmp,X000XX00
test/126.jpg,X000XX00
test/127.jpg,X000XX00
test/128.jpg,X000XX00
test/129.bmp,X000XX00
test/130.jpg,X000XX00
test/131.jpg,X000XX00
test/132.jpeg,X000XX00
test/133.jpg,X000XX00
test/134.jpg,X000XX00
test/135.bmp,X000XX00
test/136.jpg,X000XX00
test/137.JPG,X000XX00
test/138.jpg,X000XX00
test/139.jpg,X000XX00
test/140.jpg,X000XX00
test/141.jpg,X000XX00
test/142.jpg,X000XX00
test/143.jpg,X000XX00
test/144.bmp,X000XX00
test/145.jpg,X000XX00
test/146.jpg,X000XX00
test/147.jpg,X000XX00
test/148.jpg,X000XX00
test/149.png,X000XX00
test/150.bmp,X000XX00
test/151.bmp,X000XX00
test/152.jpg,X000XX00
test/153.JPG,X000XX00
test/154.bmp,X000XX00
test/155.jpg,X000XX00
test/156.jpg,X000XX00
test/157.bmp,X000XX00
test/158.jpg,X000XX00
test/159.jpg,X000XX00
test/160.jpg,X000XX00
test/161.jpg,X000XX00
test/162.bmp,X000XX00
test/163.jpg,X000XX00
test/164.jpg,X000XX00
test/165.bmp,X000XX00
test/166.jpg,X000XX00
test/167.jpg,X000XX00
test/168.jpg,X000XX00
test/169.jpg,X000XX00
test/170.jpg,X000XX00
test/171.jpg,X000XX00
test/172.jpg,X000XX00
test/173.bmp,X000XX00
test/174.jpg,X000XX00
test/175.jpg,X000XX00
test/176.jpg,X000XX00
test/177.jpg,X000XX00
test/178.png,X000XX00
test/179.jpg,X000XX00
test/180.jpg,X000XX00
test/181.jpg,X000XX00
test/182.jpg,X000XX00
test/183.jpeg,X000XX00
test/184.bmp,X000XX00
test/185.jpeg,X000XX00
test/186.jpg,X000XX00
test/187.jpg,X000XX00
test/188.jpg,X000XX00
test/189.jpg,X000XX00
test/190.jpg,X000XX00
test/191.jpg,X000XX00
test/192.jpg,X000XX00
test/193.jpg,X000XX00
test/194.jpg,X000XX00
test/195.jpg,X000XX00
test/196.jpeg,X000XX00
test/197.png,X000XX00
test/198.jpg,X000XX00
test/199.jpg,X000XX00
test/200.jpg,X000XX00
test/201.jpg,X000XX00
test/202.bmp,X000XX00
test/203.bmp,X000XX00
test/204.jpg,X000XX00
test/205.jpg,X000XX00
test/206.jpg,X000XX00
test/207.jpg,X000XX00
test/208.jpg,X000XX00
test/209.jpg,X000XX00
test/210.jpg,X000XX00
test/211.jpg,X000XX00
test/212.jpg,X000XX00
test/213.jpeg,X000XX00
test/214.jpg,X000XX00
test/215.jpg,X000XX00
test/216.bmp,X000XX00
test/217.jpg,X000XX00
test/218.bmp,X000XX00
test/219.bmp,X000XX00
test/220.png,X000XX00
test/221.jpg,X000XX00
test/222.jpg,X000XX00
test/223.bmp,X000XX00
test/224.jpg,X000XX00
test/225.jpg,X000XX00
test/226.jpg,X000XX00
test/227.bmp,X000XX00
test/228.bmp,X000XX00
test/229.jpg,X000XX00
test/230.jpg,X000XX00
test/231.bmp,X000XX00
test/232.jpg,X000XX00
test/233.jpg,X000XX00
test/234.jpg,X000XX00
test/235.jpg,X000XX00
test/236.jpg,X000XX00
test/237.bmp,X000XX00
test/238.bmp,X000XX00
test/239.bmp,X000XX00
test/240.jpg,X000XX00
test/241.jpg,X000XX00
test/242.jpg,X000XX00
test/243.jpg,X000XX00
test/244.bmp,X000XX00
test/245.jpg,X000XX00
test/246.jpg,X000XX00
test/247.jpg,X000XX00
test/248.jpg,X000XX00
test/249.bmp,X000XX00
test/250.jpg,X000XX00
test/251.bmp,X000XX00
test/252.bmp,X000XX00
test/253.jpg,X000XX00
test/254.bmp,X000XX00
test/255.jpg,X000XX00
test/256.jpg,X000XX00
test/257.jpg,X000XX00
test/258.jpg,X000XX00
test/259.bmp,X000XX00
test/260.jpg,X000XX00
test/261.bmp,X000XX00
test/262.bmp,X000XX00
test/263.jpg,X000XX00
test/264.jpg,X000XX00
test/265.jpg,X000XX00
test/266.bmp,X000XX00
test/267.bmp,X000XX00
test/268.bmp,X000XX00
test/269.jpg,X000XX00
test/270.jpg,X000XX00
test/271.jpg,X000XX00
test/272.jpg,X000XX00
test/273.png,X000XX00
test/274.jpg,X000XX00
test/275.jpg,X000XX00
test/276.bmp,X000XX00
test/277.jpg,X000XX00
test/278.jpg,X000XX00
test/279.jpg,X000XX00
test/280.jpg,X000XX00
test/281.jpg,X000XX00
test/282.bmp,X000XX00
test/283.bmp,X000XX00
test/284.bmp,X000XX00
test/285.jpg,X000XX00
test/286.jpg,X000XX00
test/287.jpg,X000XX00
test/288.bmp,X000XX00
test/289.jpg,X000XX00
test/290.jpg,X000XX00
test/291.jpg,X000XX00
test/292.jpg,X000XX00
test/293.bmp,X000XX00
test/294.jpg,X000XX00
test/295.jpg,X000XX00
test/296.bmp,X000XX00
test/297.bmp,X000XX00
test/298.jpg,X000XX00
test/299.jpg,X000XX00
test/300.jpg,X000XX00
test/301.jpg,X000XX00
test/302.jpg,X000XX00
test/303.jpg,X000XX00
test/304.jpg,X000XX00
test/305.jpg,X000XX00
test/306.jpg,X000XX00
test/307.bmp,X000XX00
test/308.jpg,X000XX00
test/309.jpg,X000XX00
test/310.jpg,X000XX00
test/311.bmp,X000XX00
test/312.jpg,X000XX00
test/313.jpg,X000XX00
test/314.jpg,X000XX00
test/315.bmp,X000XX00
test/316.jpg,X000XX00
test/317.jpg,X000XX00
test/318.jpg,X000XX00
test/319.bmp,X000XX00
test/320.jpg,X000XX00
test/321.jpg,X000XX00
test/322.jpg,X000XX00
test/323.jpeg,X000XX00
test/324.jpeg,X000XX00
test/325.jpg,X000XX00
test/326.jpg,X000XX00
test/327.bmp,X000XX00
test/328.jpg,X000XX00
test/329.jpg,X000XX00
test/330.jpg,X000XX00
test/331.jpg,X000XX00
test/332.jpg,X000XX00
test/333.jpg,X000XX00
test/334.jpg,X000XX00
test/335.jpg,X000XX00
test/336.jpg,X000XX00
test/337.bmp,X000XX00
test/338.jpg,X000XX00
test/339.jpg,X000XX00
test/340.jpg,X000XX00
test/341.jpg,X000XX00
test/342.jpg,X000XX00
test/343.jpg,X000XX00
test/344.bmp,X000XX00
test/345.bmp,X000XX00
test/346.bmp,X000XX00
test/347.jpg,X000XX00
test/348.bmp,X000XX00
test/349.bmp,X000XX00
test/350.jpg,X000XX00
test/351.bmp,X000XX00
test/352.jpg,X000XX00
test/353.jpg,X000XX00
test/354.jpg,X000XX00
test/355.bmp,X000XX00
test/356.bmp,X000XX00
test/357.jpg,X000XX00
test/358.jpg,X000XX00
test/359.bmp,X000XX00
test/360.jpg,X000XX00
test/361.jpeg,X000XX00
test/362.jpg,X000XX00
test/363.jpg,X000XX00
test/364.jpg,X000XX00
test/365.jpg,X000XX00
test/366.jpg,X000XX00
test/367.bmp,X000XX00
test/368.jpg,X000XX00
test/369.bmp,X000XX00
test/370.bmp,X000XX00
test/371.jpg,X000XX00
test/372.bmp,X000XX00
test/373.jpg,X000XX00
test/374.bmp,X000XX00
test/375.bmp,X000XX00
test/376.jpg,X000XX00
test/377.jpg,X000XX00
test/378.bmp,X000XX00
test/379.jpg,X000XX00
test/380.jpg,X000XX00
test/381.jpg,X000XX00
test/382.jpg,X000XX00
test/383.png,X000XX00
test/384.jpg,X000XX00
test/385.bmp,X000XX00
test/386.jpg,X000XX00
test/387.jpg,X000XX00
test/388.jpeg,X000XX00
test/389.jpg,X000XX00
test/390.jpg,X000XX00
test/391.jpg,X000XX00
test/392.bmp,X000XX00
test/393.jpg,X000XX00
test/394.bmp,X000XX00
test/395.jpg,X000XX00
test/396.jpg,X000XX00
test/397.jpg,X000XX00
test/398.jpg,X000XX00
test/399.bmp,X000XX00
test/400.jpg,X000XX00
test/401.jpg,X000XX00
test/402.jpg,X000XX00
test/403.bmp,X000XX00
test/404.jpg,X000XX00
test/405.bmp,X000XX00
test/406.bmp,X000XX00
test/407.jpg,X000XX00
test/408.jpg,X000XX00
test/409.jpg,X000XX00
test/410.bmp,X000XX00
test/411.jpg,X000XX00
test/412.bmp,X000XX00
test/413.jpg,X000XX00
test/414.bmp,X000XX00
test/415.jpg,X000XX00
test/416.bmp,X000XX00
test/417.bmp,X000XX00
test/418.jpg,X000XX00
test/419.jpg,X000XX00
test/420.jpg,X000XX00
test/421.jpg,X000XX00
test/422.jpg,X000XX00
test/423.jpg,X000XX00
test/424.jpg,X000XX00
test/425.jpg,X000XX00
test/426.bmp,X000XX00
test/427.jpg,X000XX00
test/428.jpg,X000XX00
test/429.jpg,X000XX00
test/430.jpg,X000XX00
test/431.jpg,X000XX00
test/432.jpg,X000XX00
test/433.jpg,X000XX00
test/434.jpg,X000XX00
test/435.bmp,X000XX00
test/436.jpg,X000XX00
test/437.jpg,X000XX00
test/438.jpg,X000XX00
test/439.jpg,X000XX00
test/440.jpg,X000XX00
test/441.jpg,X000XX00
test/442.jpg,X000XX00
test/443.jpg,X000XX00
test/444.jpg,X000XX00
test/445.jpg,X000XX00
test/446.jpg,X000XX00
test/447.jpg,X000XX00
test/448.jpg,X000XX00
test/449.bmp,X000XX00
test/450.jpg,X000XX00
test/451.jpg,X000XX00
test/452.jpg,X000XX00
test/453.jpg,X000XX00
test/454.jpg,X000XX00
test/455.jpg,X000XX00
test/456.jpg,X000XX00
test/457.jpg,X000XX00
test/458.jpg,X000XX00
test/459.bmp,X000XX00
test/460.jpg,X000XX00
test/461.jpg,X000XX00
test/462.jpg,X000XX00
test/463.jpg,X000XX00
test/464.jpg,X000XX00
test/465.jpg,X000XX00
test/466.jpg,X000XX00
test/467.jpg,X000XX00
test/468.jpg,X000XX00
test/469.jpg,X000XX00
test/471.bmp,X000XX00
test/472.jpg,X000XX00
test/473.jpg,X000XX00
test/474.bmp,X000XX00
test/475.jpg,X000XX00
test/476.jpg,X000XX00
test/477.jpg,X000XX00
test/478.jpg,X000XX00
test/479.jpg,X000XX00
test/480.jpg,X000XX00
test/481.jpg,X000XX00
test/482.bmp,X000XX00
test/483.jpg,X000XX00
test/484.jpg,X000XX00
test/485.jpg,X000XX00
test/486.jpg,X000XX00
test/487.jpg,X000XX00
test/488.jpg,X000XX00
test/489.jpg,X000XX00
test/490.jpg,X000XX00
test/491.bmp,X000XX00
test/492.jpeg,X000XX00
test/493.jpg,X000XX00
test/494.jpg,X000XX00
test/495.jpg,X000XX00
test/496.jpg,X000XX00
test/497.jpg,X000XX00
test/498.bmp,X000XX00
test/499.jpg,X000XX00
test/500.bmp,X000XX00
test/501.jpg,X000XX00
test/502.jpg,X000XX00
test/503.jpg,X000XX00
test/504.bmp,X000XX00
test/505.bmp,X000XX00
test/506.jpg,X000XX00
test/507.jpeg,X000XX00
test/508.jpg,X000XX00
test/509.jpg,X000XX00
test/510.jpg,X000XX00
test/511.jpg,X000XX00
test/512.jpg,X000XX00
test/513.jpg,X000XX00
test/514.jpg,X000XX00
test/515.jpg,X000XX00
test/516.jpg,X000XX00
test/517.jpg,X000XX00
test/518.bmp,X000XX00
test/519.jpg,X000XX00
test/520.bmp,X000XX00
test/521.jpg,X000XX00
test/522.bmp,X000XX00
test/523.jpg,X000XX00
test/524.jpg,X000XX00
test/525.jpg,X000XX00
test/526.jpg,X000XX00
test/527.jpg,X000XX00
test/528.JPG,X000XX00
test/529.jpeg,X000XX00
test/530.jpg,X000XX00
test/531.bmp,X000XX00
test/532.jpg,X000XX00
test/533.jpg,X000XX00
test/534.jpg,X000XX00
test/535.jpg,X000XX00
test/536.jpg,X000XX00
test/537.bmp,X000XX00
test/538.jpg,X000XX00
test/539.jpg,X000XX00
test/540.jpg,X000XX00
test/541.jpg,X000XX00
test/542.jpg,X000XX00
test/543.jpg,X000XX00
test/544.jpg,X000XX00
test/545.bmp,X000XX00
test/546.jpg,X000XX00
test/547.jpg,X000XX00
test/548.bmp,X000XX00
test/549.jpg,X000XX00
test/550.bmp,X000XX00
test/551.jpg,X000XX00
test/552.jpg,X000XX00
test/553.jpg,X000XX00
test/554.jpg,X000XX00
test/555.jpg,X000XX00
test/556.jpg,X000XX00
test/557.bmp,X000XX00
test/558.jpg,X000XX00
test/559.jpg,X000XX00
test/560.jpg,X000XX00
test/561.jpg,X000XX00
test/562.jpg,X000XX00
test/563.bmp,X000XX00
test/564.jpg,X000XX00
test/565.bmp,X000XX00
test/566.jpg,X000XX00
test/567.bmp,X000XX00
test/568.bmp,X000XX00
test/569.bmp,X000XX00
test/570.bmp,X000XX00
test/571.jpg,X000XX00
test/572.jpg,X000XX00
test/573.jpg,X000XX00
test/574.bmp,X000XX00
test/575.bmp,X000XX00
test/576.jpg,X000XX00
test/577.jpg,X000XX00
test/578.jpg,X000XX00
test/579.jpg,X000XX00
test/580.jpg,X000XX00
test/581.jpg,X000XX00
test/582.jpg,X000XX00
test/583.jpg,X000XX00
test/584.jpg,X000XX00
test/585.jpg,X000XX00
test/586.jpg,X000XX00
test/587.bmp,X000XX00
test/588.jpg,X000XX00
test/589.png,X000XX00
test/590.bmp,X000XX00
test/591.jpg,X000XX00
test/592.png,X000XX00
test/593.jpg,X000XX00
test/594.jpg,X000XX00
test/595.jpg,X000XX00
test/596.jpg,X000XX00
test/597.jpg,X000XX00
test/598.bmp,X000XX00
test/599.png,X000XX00
test/600.bmp,X000XX00
test/601.jpg,X000XX00
test/602.jpg,X000XX00
test/603.jpg,X000XX00
test/604.jpg,X000XX00
test/605.jpg,X000XX00
test/606.jpg,X000XX00
test/607.bmp,X000XX00
test/608.jpg,X000XX00
test/609.jpg,X000XX00
test/610.jpg,X000XX00
test/611.bmp,X000XX00
test/612.jpg,X000XX00
test/613.bmp,X000XX00
test/614.bmp,X000XX00
test/615.jpg,X000XX00
test/616.bmp,X000XX00
test/617.bmp,X000XX00
test/618.bmp,X000XX00
test/619.bmp,X000XX00
test/620.jpg,X000XX00
test/621.jpg,X000XX00
test/622.bmp,X000XX00
test/623.bmp,X000XX00
test/624.bmp,X000XX00
test/625.jpg,X000XX00
test/626.jpg,X000XX00
test/627.bmp,X000XX00
test/628.jpg,X000XX00
test/629.jpg,X000XX00
test/630.bmp,X000XX00
test/631.jpg,X000XX00
test/632.jpg,X000XX00
test/633.jpg,X000XX00
test/634.jpg,X000XX00
test/635.jpg,X000XX00
test/636.bmp,X000XX00
test/637.bmp,X000XX00
test/638.jpg,X000XX00
test/639.jpg,X000XX00
test/640.jpg,X000XX00
test/641.jpg,X000XX00
test/642.jpg,X000XX00
test/643.jpg,X000XX00
test/644.jpg,X000XX00
test/645.bmp,X000XX00
test/646.bmp,X000XX00
test/647.jpg,X000XX00
test/648.bmp,X000XX00
test/649.jpg,X000XX00
test/650.jpg,X000XX00
test/651.jpg,X000XX00
test/652.jpg,X000XX00
test/653.jpg,X000XX00
test/654.jpg,X000XX00
test/655.jpg,X000XX00
test/656.jpg,X000XX00
test/657.bmp,X000XX00
test/658.bmp,X000XX00
test/659.jpg,X000XX00
test/660.jpg,X000XX00
test/661.jpg,X000XX00
test/662.jpg,X000XX00
test/663.jpg,X000XX00
test/664.bmp,X000XX00
test/665.jpg,X000XX00
test/666.jpg,X000XX00
test/667.jpg,X000XX00
test/668.bmp,X000XX00
test/669.jpg,X000XX00
test/670.jpg,X000XX00
test/671.jpg,X000XX00
test/672.jpg,X000XX00
test/673.jpg,X000XX00
test/674.jpg,X000XX00
test/675.bmp,X000XX00
test/676.jpg,X000XX00
test/677.jpg,X000XX00
test/678.jpg,X000XX00
test/679.bmp,X000XX00
test/680.bmp,X000XX00
test/681.jpg,X000XX00
test/682.jpg,X000XX00
test/683.jpg,X000XX00
test/684.jpg,X000XX00
test/685.jpg,X000XX00
test/686.jpg,X000XX00
test/687.jpg,X000XX00
test/688.bmp,X000XX00
test/689.jpg,X000XX00
test/690.jpg,X000XX00
test/691.bmp,X000XX00
test/692.jpg,X000XX00
test/693.jpg,X000XX00
test/694.bmp,X000XX00
test/695.jpg,X000XX00
test/696.jpg,X000XX00
test/697.jpg,X000XX00
test/698.jpg,X000XX00
test/699.bmp,X000XX00
test/700.jpg,X000XX00
test/701.bmp,X000XX00
test/702.jpg,X000XX00
test/703.jpg,X000XX00
test/704.bmp,X000XX00
test/705.jpg,X000XX00
test/706.jpg,X000XX00
test/707.bmp,X000XX00
test/708.bmp,X000XX00
test/709.jpg,X000XX00
test/710.bmp,X000XX00
test/711.jpg,X000XX00
test/712.jpg,X000XX00
test/713.jpg,X000XX00
test/714.bmp,X000XX00
test/715.jpg,X000XX00
test/716.jpg,X000XX00
test/717.jpg,X000XX00
test/718.jpg,X000XX00
test/719.bmp,X000XX00
test/720.bmp,X000XX00
test/721.jpg,X000XX00
test/722.jpg,X000XX00
test/723.jpg,X000XX00
test/724.jpg,X000XX00
test/725.jpg,X000XX00
test/726.jpg,X000XX00
test/727.jpg,X000XX00
test/728.jpg,X000XX00
test/729.jpg,X000XX00
test/730.jpg,X000XX00
test/731.jpg,X000XX00
test/732.jpg,X000XX00
test/733.bmp,X000XX00
test/734.jpg,X000XX00
test/735.bmp,X000XX00
test/736.jpg,X000XX00
test/737.jpg,X000XX00
test/738.bmp,X000XX00
test/739.bmp,X000XX00
test/740.jpg,X000XX00
test/741.jpg,X000XX00
test/742.bmp,X000XX00
test/743.jpg,X000XX00
test/744.jpg,X000XX00
test/745.jpg,X000XX00
test/746.jpg,X000XX00
test/747.bmp,X000XX00
test/748.jpg,X000XX00
test/749.jpg,X000XX00
test/750.jpeg,X000XX00
test/751.jpg,X000XX00
test/752.jpg,X000XX00
test/753.jpg,X000XX00
test/754.jpg,X000XX00
test/755.bmp,X000XX00
test/756.bmp,X000XX00
test/757.jpg,X000XX00
test/758.jpg,X000XX00
test/759.bmp,X000XX00
test/760.bmp,X000XX00
test/761.bmp,X000XX00
test/762.jpg,X000XX00
test/763.jpg,X000XX00
test/764.jpg,X000XX00
test/765.jpg,X000XX00
test/766.jpg,X000XX00
test/767.bmp,X000XX00
test/768.jpg,X000XX00
test/769.jpg,X000XX00
test/770.bmp,X000XX00
test/771.bmp,X000XX00
test/772.jpg,X000XX00
test/773.png,X000XX00
test/774.bmp,X000XX00
test/775.bmp,X000XX00
test/776.bmp,X000XX00
test/777.bmp,X000XX00
test/778.jpg,X000XX00
test/779.jpg,X000XX00
test/780.jpg,X000XX00
test/781.jpg,X000XX00
test/782.bmp,X000XX00
test/783.jpg,X000XX00
test/784.jpg,X000XX00
test/785.bmp,X000XX00
test/786.jpg,X000XX00
test/787.jpg,X000XX00
test/788.jpg,X000XX00
test/789.jpg,X000XX00
test/790.bmp,X000XX00
test/791.jpg,X000XX00
test/792.jpg,X000XX00
test/793.jpg,X000XX00
test/794.png,X000XX00
test/795.jpg,X000XX00
test/796.jpg,X000XX00
test/797.bmp,X000XX00
test/798.bmp,X000XX00
test/799.bmp,X000XX00
test/800.jpg,X000XX00
test/801.bmp,X000XX00
test/802.bmp,X000XX00
test/803.jpg,X000XX00
test/804.bmp,X000XX00
test/805.jpg,X000XX00
test/806.jpg,X000XX00
test/807.jpg,X000XX00
test/808.jpg,X000XX00
test/809.bmp,X000XX00
test/810.jpg,X000XX00
test/811.bmp,X000XX00
test/812.jpg,X000XX00
test/813.jpg,X000XX00
test/814.bmp,X000XX00
test/815.jpg,X000XX00
test/816.jpg,X000XX00
test/817.jpg,X000XX00
test/818.jpg,X000XX00
test/819.jpg,X000XX00
test/820.bmp,X000XX00
test/821.jpg,X000XX00
test/822.jpg,X000XX00
test/823.bmp,X000XX00
test/824.jpg,X000XX00
test/825.bmp,X000XX00
test/826.jpg,X000XX00
test/827.jpg,X000XX00
test/828.jpg,X000XX00
test/829.jpg,X000XX00
test/830.jpg,X000XX00
test/831.webp,X000XX00
test/832.jpg,X000XX00
test/833.jpg,X000XX00
test/834.jpg,X000XX00
test/835.jpg,X000XX00
test/836.jpg,X000XX00
test/837.bmp,X000XX00
test/838.jpg,X000XX00
test/839.jpg,X000XX00
test/840.jpg,X000XX00
test/841.jpg,X000XX00
test/842.jpg,X000XX00
test/843.bmp,X000XX00
test/844.jpg,X000XX00
test/845.jpg,X000XX00
test/846.jpg,X000XX00
test/847.bmp,X000XX00
test/848.jpg,X000XX00
test/849.bmp,X000XX00
test/850.jpg,X000XX00
test/851.jpg,X000XX00
test/852.jpg,X000XX00
test/853.bmp,X000XX00
test/854.jpg,X000XX00
test/855.bmp,X000XX00
test/856.jpg,X000XX00
test/857.jpg,X000XX00
test/858.bmp,X000XX00
test/859.jpg,X000XX00
test/860.jpg,X000XX00
test/861.jpg,X000XX00
test/862.jpg,X000XX00
test/863.jpg,X000XX00
test/864.jpg,X000XX00
test/865.jpg,X000XX00
test/866.jpeg,X000XX00
test/867.jpg,X000XX00
test/868.jpg,X000XX00
test/869.jpg,X000XX00
test/870.jpg,X000XX00
test/871.jpg,X000XX00
test/872.jpg,X000XX00
test/873.jpg,X000XX00
test/874.jpg,X000XX00
test/875.bmp,X000XX00
test/876.jpg,X000XX00
test/877.bmp,X000XX00
test/878.jpg,X000XX00
test/879.bmp,X000XX00
test/880.bmp,X000XX00
test/881.jpg,X000XX00
test/882.jpeg,X000XX00
test/883.jpg,X000XX00
test/884.bmp,X000XX00
test/885.jpg,X000XX00
test/886.bmp,X000XX00
test/887.jpg,X000XX00
test/888.jpg,X000XX00
test/889.jpg,X000XX00
test/890.jpg,X000XX00
test/891.bmp,X000XX00
test/892.jpg,X000XX00
test/893.jpg,X000XX00
test/894.jpg,X000XX00
test/895.jpg,X000XX00
test/896.bmp,X000XX00
test/897.jpg,X000XX00
test/898.jpg,X000XX00
test/900.jpg,X000XX00
test/901.jpg,X000XX00
test/902.jpg,X000XX00
test/903.bmp,X000XX00
test/904.jpg,X000XX00
test/905.jpg,X000XX00
test/906.bmp,X000XX00
test/907.bmp,X000XX00
test/908.bmp,X000XX00
test/909.jpg,X000XX00
test/910.jpg,X000XX00
test/911.jpg,X000XX00
test/912.bmp,X000XX00
test/913.jpg,X000XX00
test/914.jpg,X000XX00
test/915.bmp,X000XX00
test/916.jpg,X000XX00
test/917.jpg,X000XX00
test/918.jpg,X000XX00
test/919.bmp,X000XX00
test/920.bmp,X000XX00
test/921.jpg,X000XX00
test/922.jpg,X000XX00
test/923.jpg,X000XX00
test/924.bmp,X000XX00
test/925.jpg,X000XX00
test/926.jpg,X000XX00
test/927.jpg,X000XX00
test/928.jpeg,X000XX00
test/929.jpg,X000XX00
test/930.jpg,X000XX00
test/931.jpg,X000XX00
test/932.jpg,X000XX00
test/933.bmp,X000XX00
test/934.jpg,X000XX00
test/935.jpg,X000XX00
test/936.jpg,X000XX00
test/937.bmp,X000XX00
test/938.bmp,X000XX00
test/939.bmp,X000XX00
test/940.jpg,X000XX00
test/941.jpg,X000XX00
test/942.jpg,X000XX00
test/943.jpg,X000XX00
test/944.jpg,X000XX00
test/945.jpg,X000XX00
test/946.jpg,X000XX00
test/947.bmp,X000XX00
test/948.bmp,X000XX00
test/949.jpg,X000XX00
test/950.bmp,X000XX00
test/951.bmp,X000XX00
test/952.jpg,X000XX00
test/953.jpg,X000XX00
test/954.jpg,X000XX00
test/955.jpg,X000XX00
test/956.jpg,X000XX00
test/957.jpg,X000XX00
test/958.jpg,X000XX00
test/959.jpg,X000XX00
test/960.jpg,X000XX00
test/961.jpg,X000XX00
test/962.bmp,X000XX00
test/963.bmp,X000XX00
test/964.jpg,X000XX00
test/965.bmp,X000XX00
test/966.jpg,X000XX00
test/967.jpg,X000XX00
test/969.bmp,X000XX00
test/970.jpg,X000XX00
test/971.jpg,X000XX00
test/972.jpg,X000XX00
test/973.jpg,X000XX00
test/974.jpg,X000XX00
test/975.jpg,X000XX00
test/976.jpg,X000XX00
test/977.bmp,X000XX00
test/978.jpg,X000XX00
test/979.bmp,X000XX00
test/980.bmp,X000XX00
test/981.jpg,X000XX00
test/982.jpg,X000XX00
test/983.bmp,X000XX00
test/984.jpg,X000XX00
test/985.jpg,X000XX00
test/986.jpg,X000XX00
test/987.jpg,X000XX00
test/988.bmp,X000XX00
test/989.jpg,X000XX00
test/990.jpg,X000XX00
test/991.jpg,X000XX00
test/992.jpg,X000XX00
test/993.jpg,X000XX00
test/994.bmp,X000XX00
test/995.jpg,X000XX00
test/996.bmp,X000XX00
test/997.png,X000XX00
test/998.bmp,X000XX00
test/999.bmp,X000XX00
test/1000.jpg,X000XX00
test/1001.jpg,X000XX00
test/1002.jpg,X000XX00
test/1003.jpeg,X000XX00
test/1004.jpg,X000XX00
test/1005.jpg,X000XX00
test/1006.jpg,X000XX00
test/1007.jpg,X000XX00
test/1008.jpg,X000XX00
test/1009.jpg,X000XX00
test/1010.jpg,X000XX00
test/1011.bmp,X000XX00
test/1012.bmp,X000XX00
test/1013.jpg,X000XX00
test/1014.jpg,X000XX00
test/1015.jpeg,X000XX00
test/1016.bmp,X000XX00
test/1017.jpg,X000XX00
test/1018.jpg,X000XX00
test/1019.jpg,X000XX00
test/1020.bmp,X000XX00
test/1021.bmp,X000XX00
test/1022.bmp,X000XX00
test/1023.bmp,X000XX00
test/1024.jpg,X000XX00
test/1025.jpg,X000XX00
test/1026.jpg,X000XX00
test/1027.jpg,X000XX00
test/1028.jpg,X000XX00
test/1029.jpg,X000XX00
test/1030.jpeg,X000XX00
test/1031.bmp,X000XX00
test/1032.jpg,X000XX00
test/1033.bmp,X000XX00
test/1034.bmp,X000XX00
test/1035.jpg,X000XX00
test/1036.jpg,X000XX00
test/1037.bmp,X000XX00
test/1038.jpg,X000XX00
test/1039.bmp,X000XX00
test/1040.bmp,X000XX00
test/1041.bmp,X000XX00
test/1042.jpg,X000XX00
test/1043.jpg,X000XX00
test/1044.jpg,X000XX00
test/1045.bmp,X000XX00
test/1046.jpg,X000XX00
test/1047.bmp,X000XX00
test/1048.jpg,X000XX00
test/1049.jpg,X000XX00
test/1050.jpg,X000XX00
test/1051.bmp,X000XX00
test/1052.jpg,X000XX00
test/1053.bmp,X000XX00
test/1054.jpg,X000XX00
test/1055.jpeg,X000XX00
test/1056.jpg,X000XX00
test/1057.jpg,X000XX00
test/1058.jpg,X000XX00
test/1059.bmp,X000XX00
test/1060.bmp,X000XX00
test/1061.jpg,X000XX00
test/1062.jpg,X000XX00
test/1063.jpg,X000XX00
test/1064.jpg,X000XX00
test/1065.bmp,X000XX00
test/1066.bmp,X000XX00
test/1067.jpg,X000XX00
test/1068.jpg,X000XX00
test/1069.bmp,X000XX00
test/1070.jpg,X000XX00
test/1071.jpg,X000XX00
test/1072.jpg,X000XX00
test/1073.bmp,X000XX00
test/1074.jpg,X000XX00
test/1075.bmp,X000XX00
test/1076.jpg,X000XX00
test/1077.bmp,X000XX00
test/1078.jpg,X000XX00
test/1079.jpg,X000XX00
test/1080.bmp,X000XX00
test/1081.bmp,X000XX00
test/1082.jpg,X000XX00
test/1083.bmp,X000XX00
test/1084.jpg,X000XX00
test/1085.jpg,X000XX00
test/1086.jpg,X000XX00
test/1087.bmp,X000XX00
test/1088.jpg,X000XX00
test/1089.jpg,X000XX00
test/1090.jpg,X000XX00
test/1091.jpg,X000XX00
test/1092.jpg,X000XX00
test/1093.jpg,X000XX00
test/1094.jpg,X000XX00
test/1095.bmp,X000XX00
test/1096.bmp,X000XX00
test/1097.png,X000XX00
test/1098.jpg,X000XX00
test/1099.jpg,X000XX00
test/1100.jpg,X000XX00
test/1101.bmp,X000XX00
test/1102.bmp,X000XX00
test/1103.bmp,X000XX00
test/1104.jpg,X000XX00
test/1105.jpg,X000XX00
test/1106.jpg,X000XX00
test/1107.jpg,X000XX00
test/1108.jpg,X000XX00
test/1109.jpg,X000XX00
test/1110.jpg,X000XX00
test/1111.jpg,X000XX00
test/1112.bmp,X000XX00
test/1113.jpg,X000XX00
test/1114.jpg,X000XX00
test/1115.jpg,X000XX00
test/1116.jpg,X000XX00
test/1117.jpg,X000XX00
test/1118.bmp,X000XX00
test/1119.jpg,X000XX00
test/1120.bmp,X000XX00
test/1121.jpg,X000XX00
test/1122.jpg,X000XX00
test/1123.jpg,X000XX00
test/1124.jpg,X000XX00
test/1125.jpg,X000XX00
test/1126.bmp,X000XX00
test/1127.jpg,X000XX00
test/1128.jpg,X000XX00
test/1129.jpg,X000XX00
test/1130.jpg,X000XX00
test/1131.jpg,X000XX00
test/1132.jpg,X000XX00
test/1133.jpg,X000XX00
test/1134.jpg,X000XX00
test/1135.jpg,X000XX00
test/1136.bmp,X000XX00
test/1137.bmp,X000XX00
test/1138.bmp,X000XX00
test/1139.jpg,X000XX00
test/1140.bmp,X000XX00
test/1141.jpg,X000XX00
test/1142.jpg,X000XX00
test/1144.jpg,X000XX00
test/1145.jpg,X000XX00
test/1146.bmp,X000XX00
test/1147.bmp,X000XX00
test/1148.bmp,X000XX00
test/1149.jpg,X000XX00
test/1150.jpg,X000XX00
test/1151.bmp,X000XX00
test/1152.jpg,X000XX00
test/1153.jpg,X000XX00
test/1154.jpg,X000XX00
test/1155.bmp,X000XX00
test/1156.jpg,X000XX00
test/1157.bmp,X000XX00
test/1158.bmp,X000XX00
test/1159.jpg,X000XX00
test/1160.jpg,X000XX00
test/1161.bmp,X000XX00
test/1162.jpg,X000XX00
test/1163.jpg,X000XX00
test/1164.jpg,X000XX00
test/1165.jpg,X000XX00
test/1166.jpeg,X000XX00
test/1167.bmp,X000XX00
test/1168.jpg,X000XX00
test/1169.jpg,X000XX00
test/1170.bmp,X000XX00
test/1171.bmp,X000XX00
test/1172.jpg,X000XX00
test/1173.jpg,X000XX00
test/1174.jpg,X000XX00
test/1175.jpg,X000XX00
test/1176.jpg,X000XX00
test/1177.jpg,X000XX00
test/1178.jpg,X000XX00
test/1179.jpg,X000XX00
test/1180.jpg,X000XX00
test/1181.bmp,X000XX00
test/1182.jpg,X000XX00
test/1183.jpg,X000XX00
test/1184.jpg,X000XX00
test/1185.jpg,X000XX00
test/1186.jpg,X000XX00
test/1187.jpg,X000XX00
test/1188.jpg,X000XX00
test/1189.bmp,X000XX00
test/1190.jpg,X000XX00
test/1191.jpg,X000XX00
test/1192.jpg,X000XX00
test/1193.jpg,X000XX00
test/1194.jpg,X000XX00
test/1195.bmp,X000XX00
test/1196.jpg,X000XX00
test/1197.bmp,X000XX00
test/1198.jpg,X000XX00
test/1199.jpg,X000XX00
test/1200.jpg,X000XX00
test/1201.jpg,X000XX00
test/1202.bmp,X000XX00
test/1203.jpg,X000XX00
test/1204.bmp,X000XX00
test/1205.jpg,X000XX00
test/1206.jpg,X000XX00
test/1207.bmp,X000XX00
test/1208.jpeg,X000XX00
test/1209.jpg,X000XX00
test/1210.jpg,X000XX00
test/1211.jpg,X000XX00
test/1212.jpg,X000XX00
test/1213.jpg,X000XX00
test/1214.jpg,X000XX00
test/1215.jpg,X000XX00
test/1216.jpg,X000XX00
test/1217.jpg,X000XX00
test/1218.jpg,X000XX00
test/1219.png,X000XX00
test/1220.jpg,X000XX00
test/1221.jpg,X000XX00
test/1222.bmp,X000XX00
test/1223.bmp,X000XX00
test/1224.bmp,X000XX00
test/1225.jpg,X000XX00
test/1226.jpg,X000XX00
test/1227.jpeg,X000XX00
test/1228.bmp,X000XX00
test/1229.jpg,X000XX00
test/1230.jpg,X000XX00
test/1231.jpg,X000XX00
test/1232.bmp,X000XX00
test/1233.jpg,X000XX00
test/1234.jpg,X000XX00
test/1235.jpg,X000XX00
test/1236.jpg,X000XX00
test/1237.bmp,X000XX00
test/1238.bmp,X000XX00
test/1239.jpg,X000XX00
test/1240.jpg,X000XX00
test/1241.jpg,X000XX00
test/1242.bmp,X000XX00
test/1243.jpg,X000XX00
test/1244.jpg,X000XX00
test/1245.bmp,X000XX00
test/1246.jpg,X000XX00
test/1247.jpg,X000XX00
test/1248.jpg,X000XX00
test/1249.jpg,X000XX00
test/1250.jpg,X000XX00
test/1251.jpg,X000XX00
test/1252.bmp,X000XX00
test/1253.bmp,X000XX00
test/1254.bmp,X000XX00
test/1255.jpg,X000XX00
test/1256.jpg,X000XX00
test/1257.jpg,X000XX00
test/1258.jpg,X000XX00
test/1259.jpg,X000XX00
test/1260.jpg,X000XX00
test/1261.bmp,X000XX00
test/1262.jpg,X000XX00
test/1263.bmp,X000XX00
test/1264.jpeg,X000XX00
test/1265.bmp,X000XX00
test/1266.jpg,X000XX00
test/1267.bmp,X000XX00
test/1268.jpg,X000XX00
test/1269.bmp,X000XX00
test/1270.jpg,X000XX00
test/1271.jpg,X000XX00
test/1272.bmp,X000XX00
test/1273.jpg,X000XX00
test/1274.jpg,X000XX00
test/1275.jpg,X000XX00
test/1276.bmp,X000XX00
test/1277.jpg,X000XX00
test/1278.jpg,X000XX00
test/1279.jpg,X000XX00
test/1280.jpg,X000XX00
test/1281.bmp,X000XX00
test/1282.jpg,X000XX00
test/1283.jpg,X000XX00
test/1284.jpg,X000XX00
test/1285.bmp,X000XX00
test/1286.bmp,X000XX00
test/1287.jpg,X000XX00
test/1288.jpg,X000XX00
test/1289.bmp,X000XX00
test/1290.bmp,X000XX00
test/1291.bmp,X000XX00
test/1292.jpg,X000XX00
test/1293.jpg,X000XX00
test/1294.jpg,X000XX00
test/1295.bmp,X000XX00
test/1296.jpg,X000XX00
test/1297.jpg,X000XX00
test/1298.jpg,X000XX00
test/1299.jpg,X000XX00
test/1300.jpg,X000XX00
test/1301.jpg,X000XX00
test/1302.jpg,X000XX00
test/1303.jpg,X000XX00
test/1304.jpeg,X000XX00
test/1305.jpg,X000XX00
test/1306.jpg,X000XX00
test/1307.bmp,X000XX00
test/1309.jpg,X000XX00
test/1310.jpg,X000XX00
test/1311.jpg,X000XX00
test/1312.jpg,X000XX00
test/1314.jpg,X000XX00
test/1315.bmp,X000XX00
test/1316.jpg,X000XX00
test/1317.jpg,X000XX00
test/1318.jpg,X000XX00
test/1319.jpg,X000XX00
test/1320.bmp,X000XX00
test/1321.bmp,X000XX00
test/1322.jpg,X000XX00
test/1323.jpg,X000XX00
test/1324.jpg,X000XX00
test/1325.jpg,X000XX00
test/1326.bmp,X000XX00
test/1327.jpg,X000XX00
test/1328.jpg,X000XX00
test/1329.jpg,X000XX00
test/1330.bmp,X000XX00
test/1331.jpg,X000XX00
test/1332.jpg,X000XX00
test/1333.jpg,X000XX00
test/1334.jpg,X000XX00
test/1335.jpg,X000XX00
test/1336.jpg,X000XX00
test/1337.png,X000XX00
test/1339.jpg,X000XX00
test/1340.jpg,X000XX00
test/1341.jpg,X000XX00
test/1342.jpg,X000XX00
test/1343.bmp,X000XX00
test/1344.jpg,X000XX00
test/1345.jpg,X000XX00
test/1346.jpg,X000XX00
test/1347.bmp,X000XX00
test/1348.bmp,X000XX00
test/1349.bmp,X000XX00
test/1350.jpg,X000XX00
test/1351.jpg,X000XX00
test/1352.jpg,X000XX00
test/1353.jpg,X000XX00
test/1354.bmp,X000XX00
test/1355.jpg,X000XX00
test/1356.jpg,X000XX00
test/1357.jpg,X000XX00
test/1358.bmp,X000XX00
test/1359.jpg,X000XX00
test/1360.jpg,X000XX00
test/1361.bmp,X000XX00
test/1362.png,X000XX00
test/1363.jpg,X000XX00
test/1364.jpg,X000XX00
test/1365.jpg,X000XX00
test/1366.jpg,X000XX00
test/1367.bmp,X000XX00
test/1368.jpg,X000XX00
test/1369.jpg,X000XX00
test/1370.jpg,X000XX00
test/1371.jpg,X000XX00
test/1372.jpg,X000XX00
test/1373.bmp,X000XX00
test/1374.jpg,X000XX00
test/1375.jpg,X000XX00
test/1376.jpg,X000XX00
test/1377.bmp,X000XX00
test/1378.jpg,X000XX00
test/1379.bmp,X000XX00
test/1380.bmp,X000XX00
test/1381.jpg,X000XX00
test/1382.bmp,X000XX00
test/1383.jpg,X000XX00
test/1384.jpg,X000XX00
test/1385.jpg,X000XX00
test/1386.jpg,X000XX00
test/1387.jpg,X000XX00
test/1388.bmp,X000XX00
test/1389.jpg,X000XX00
test/1390.jpg,X000XX00
test/1391.jpg,X000XX00
test/1392.bmp,X000XX00
test/1393.jpg,X000XX00
test/1394.jpg,X000XX00
test/1395.jpg,X000XX00
test/1396.jpg,X000XX00
test/1397.bmp,X000XX00
test/1398.bmp,X000XX00
test/1399.bmp,X000XX00
test/1400.jpg,X000XX00
test/1401.jpg,X000XX00
test/1402.jpg,X000XX00
test/1403.jpg,X000XX00
test/1404.jpg,X000XX00
test/1405.png,X000XX00
test/1406.bmp,X000XX00
test/1407.jpg,X000XX00
test/1408.jpg,X000XX00
test/1409.bmp,X000XX00
test/1410.jpg,X000XX00
test/1411.jpg,X000XX00
test/1412.jpg,X000XX00
test/1413.jpg,X000XX00
test/1414.bmp,X000XX00
test/1415.jpg,X000XX00
test/1416.jpg,X000XX00
test/1417.jpg,X000XX00
test/1418.jpg,X000XX00
test/1419.jpg,X000XX00
test/1420.jpg,X000XX00
test/1421.jpg,X000XX00
test/1422.jpg,X000XX00
test/1423.jpg,X000XX00
test/1424.bmp,X000XX00
test/1425.bmp,X000XX00
test/1426.jpg,X000XX00
test/1427.jpg,X000XX00
test/1428.jpg,X000XX00
test/1429.bmp,X000XX00
test/1430.jpg,X000XX00
test/1431.jpg,X000XX00
test/1432.bmp,X000XX00
test/1433.bmp,X000XX00
test/1434.jpg,X000XX00
test/1435.bmp,X000XX00
test/1436.jpg,X000XX00
test/1437.jpg,X000XX00
test/1439.jpg,X000XX00
test/1440.bmp,X000XX00
test/1441.bmp,X000XX00
test/1442.jpg,X000XX00
test/1443.bmp,X000XX00
test/1444.bmp,X000XX00
test/1445.jpg,X000XX00
test/1446.jpg,X000XX00
test/1447.jpg,X000XX00
test/1448.jpg,X000XX00
test/1449.jpg,X000XX00
test/1450.jpg,X000XX00
test/1451.bmp,X000XX00
test/1452.jpg,X000XX00
test/1453.bmp,X000XX00
test/1454.jpg,X000XX00
test/1455.bmp,X000XX00
test/1456.jpg,X000XX00
test/1457.jpg,X000XX00
test/1458.bmp,X000XX00
test/1459.jpg,X000XX00
test/1460.jpg,X000XX00
test/1461.jpg,X000XX00
test/1462.jpg,X000XX00
test/1463.jpg,X000XX00
test/1464.bmp,X000XX00
test/1465.png,X000XX00
test/1466.jpg,X000XX00
test/1467.jpg,X000XX00
test/1468.jpg,X000XX00
test/1469.bmp,X000XX00
test/1470.png,X000XX00
test/1471.jpg,X000XX00
test/1472.jpg,X000XX00
test/1473.jpg,X000XX00
test/1474.jpg,X000XX00
test/1475.jpg,X000XX00
test/1476.jpg,X000XX00
test/1477.jpg,X000XX00
test/1478.jpg,X000XX00
test/1479.jpg,X000XX00
test/1480.bmp,X000XX00
test/1481.jpg,X000XX00
test/1482.bmp,X000XX00
test/1483.bmp,X000XX00
test/1484.jpg,X000XX00
test/1485.jpg,X000XX00
test/1486.jpg,X000XX00
test/1487.jpg,X000XX00
test/1488.jpg,X000XX00
test/1489.jpg,X000XX00
test/1490.bmp,X000XX00
test/1491.bmp,X000XX00
test/1492.jpg,X000XX00
test/1493.jpg,X000XX00
test/1494.jpg,X000XX00
test/1495.jpg,X000XX00
test/1496.jpg,X000XX00
test/1497.jpg,X000XX00
test/1498.jpg,X000XX00
test/1499.jpg,X000XX00
test/1500.jpg,X000XX00
test/1501.bmp,X000XX00
test/1502.bmp,X000XX00
test/1503.jpg,X000XX00
test/1504.jpg,X000XX00
test/1505.jpg,X000XX00
test/1506.bmp,X000XX00
test/1507.jpg,X000XX00
test/1508.bmp,X000XX00
test/1509.bmp,X000XX00
test/1510.jpg,X000XX00
test/1511.jpg,X000XX00
test/1512.jpg,X000XX00
test/1513.jpg,X000XX00
test/1514.jpg,X000XX00
test/1515.jpg,X000XX00
test/1516.jpg,X000XX00
test/1517.jpg,X000XX00
test/1518.jpg,X000XX00
test/1519.bmp,X000XX00
test/1520.jpg,X000XX00
test/1521.jpg,X000XX00
test/1522.jpg,X000XX00
test/1523.bmp,X000XX00
test/1524.jpg,X000XX00
test/1525.jpg,X000XX00
test/1526.bmp,X000XX00
test/1527.jpg,X000XX00
test/1528.jpg,X000XX00
test/1529.jpg,X000XX00
test/1530.jpg,X000XX00
test/1531.jpg,X000XX00
test/1532.jpg,X000XX00
test/1533.jpg,X000XX00
test/1534.jpg,X000XX00
test/1535.bmp,X000XX00
test/1536.jpg,X000XX00
test/1537.jpg,X000XX00
test/1538.jpg,X000XX00
test/1539.bmp,X000XX00
test/1540.jpg,X000XX00
test/1541.jpg,X000XX00
test/1542.jpg,X000XX00
test/1543.jpg,X000XX00
test/1544.jpg,X000XX00
test/1545.jpg,X000XX00
test/1546.jpg,X000XX00
test/1547.jpg,X000XX00
test/1548.bmp,X000XX00
test/1549.bmp,X000XX00
test/1551.jpg,X000XX00
test/1552.jpg,X000XX00
test/1553.jpg,X000XX00
test/1554.jpg,X000XX00
test/1555.jpg,X000XX00
test/1556.jpg,X000XX00
test/1557.jpg,X000XX00
test/1558.jpg,X000XX00
test/1559.bmp,X000XX00
test/1560.jpg,X000XX00
test/1561.jpg,X000XX00
test/1562.jpg,X000XX00
test/1564.bmp,X000XX00
test/1565.jpg,X000XX00
test/1566.jpg,X000XX00
test/1567.bmp,X000XX00
test/1568.jpg,X000XX00
test/1569.jpg,X000XX00
test/1570.jpg,X000XX00
test/1571.bmp,X000XX00
test/1572.jpg,X000XX00
test/1573.jpg,X000XX00
test/1574.jpg,X000XX00
test/1575.jpg,X000XX00
test/1576.jpg,X000XX00
test/1577.jpg,X000XX00
test/1578.jpg,X000XX00
test/1579.jpg,X000XX00
test/1580.jpg,X000XX00
test/1581.jpg,X000XX00
test/1583.bmp,X000XX00
test/1584.jpg,X000XX00
test/1585.bmp,X000XX00
test/1586.jpg,X000XX00
test/1587.jpg,X000XX00
test/1588.jpg,X000XX00
test/1589.jpg,X000XX00
test/1590.jpg,X000XX00
test/1591.bmp,X000XX00
test/1592.jpg,X000XX00
test/1593.jpg,X000XX00
test/1594.bmp,X000XX00
test/1595.jpg,X000XX00
test/1596.jpg,X000XX00
test/1597.jpg,X000XX00
test/1598.bmp,X000XX00
test/1599.jpg,X000XX00
test/1600.jpeg,X000XX00
test/1601.bmp,X000XX00
test/1602.jpg,X000XX00
test/1603.bmp,X000XX00
test/1604.jpg,X000XX00
test/1605.jpg,X000XX00
test/1606.bmp,X000XX00
test/1607.jpg,X000XX00
test/1608.jpg,X000XX00
test/1609.jpg,X000XX00
test/1610.bmp,X000XX00
test/1611.bmp,X000XX00
test/1612.bmp,X000XX00
test/1613.jpg,X000XX00
test/1614.jpg,X000XX00
test/1615.jpg,X000XX00
test/1616.bmp,X000XX00
test/1617.jpg,X000XX00
test/1618.jpg,X000XX00
test/1619.png,X000XX00
test/1620.jpg,X000XX00
test/1621.bmp,X000XX00
test/1622.jpg,X000XX00
test/1623.jpg,X000XX00
test/1624.bmp,X000XX00
test/1625.jpg,X000XX00
test/1626.jpg,X000XX00
test/1627.jpg,X000XX00
test/1628.bmp,X000XX00
test/1629.jpg,X000XX00
test/1630.jpg,X000XX00
test/1631.bmp,X000XX00
test/1632.jpg,X000XX00
test/1633.jpg,X000XX00
test/1634.bmp,X000XX00
test/1635.jpg,X000XX00
test/1636.jpg,X000XX00
test/1637.jpg,X000XX00
test/1638.jpg,X000XX00
test/1639.jpg,X000XX00
test/1640.jpg,X000XX00
test/1641.jpg,X000XX00
test/1642.jpeg,X000XX00
test/1643.jpg,X000XX00
test/1644.jpg,X000XX00
test/1645.jpg,X000XX00
test/1646.bmp,X000XX00
test/1647.jpg,X000XX00
test/1648.jpg,X000XX00
test/1649.jpg,X000XX00
test/1650.jpg,X000XX00
test/1651.jpg,X000XX00
test/1652.jpg,X000XX00
test/1653.jpg,X000XX00
test/1654.jpg,X000XX00
test/1655.jpg,X000XX00
test/1656.jpg,X000XX00
test/1657.bmp,X000XX00
test/1658.jpg,X000XX00
test/1659.jpg,X000XX00
test/1660.jpg,X000XX00
test/1661.jpg,X000XX00
test/1663.bmp,X000XX00
test/1664.png,X000XX00
test/1665.jpg,X000XX00
test/1666.jpg,X000XX00
test/1667.bmp,X000XX00
test/1668.jpg,X000XX00
test/1669.jpg,X000XX00
test/1670.jpg,X000XX00
test/1671.jpg,X000XX00
test/1672.jpg,X000XX00
test/1673.bmp,X000XX00
test/1674.jpg,X000XX00
test/1675.jpg,X000XX00
test/1676.jpg,X000XX00
test/1677.jpg,X000XX00
test/1678.jpg,X000XX00
test/1679.jpg,X000XX00
test/1680.bmp,X000XX00
test/1681.bmp,X000XX00
test/1682.jpg,X000XX00
test/1683.bmp,X000XX00
test/1684.bmp,X000XX00
test/1685.jpg,X000XX00
test/1686.jpg,X000XX00
test/1687.bmp,X000XX00
test/1688.bmp,X000XX00
test/1689.bmp,X000XX00
test/1690.bmp,X000XX00
test/1691.jpg,X000XX00
test/1692.jpg,X000XX00
test/1693.bmp,X000XX00
test/1694.png,X000XX00
test/1695.bmp,X000XX00
test/1696.bmp,X000XX00
test/1697.jpg,X000XX00
test/1698.jpg,X000XX00
test/1699.jpg,X000XX00
test/1700.jpg,X000XX00
test/1701.bmp,X000XX00
test/1702.jpg,X000XX00
test/1703.jpg,X000XX00
test/1704.jpg,X000XX00
test/1705.jpg,X000XX00
test/1706.bmp,X000XX00
test/1707.bmp,X000XX00
test/1708.bmp,X000XX00
test/1709.jpg,X000XX00
test/1710.bmp,X000XX00
test/1711.bmp,X000XX00
test/1712.bmp,X000XX00
test/1713.bmp,X000XX00
test/1714.bmp,X000XX00
test/1715.jpg,X000XX00
test/1716.jpg,X000XX00
test/1717.jpg,X000XX00
test/1718.jpg,X000XX00
test/1719.bmp,X000XX00
test/1720.bmp,X000XX00
test/1721.jpg,X000XX00
test/1722.jpeg,X000XX00
test/1723.bmp,X000XX00
test/1724.jpg,X000XX00
test/1725.jpeg,X000XX00
test/1726.jpg,X000XX00
test/1727.jpg,X000XX00
test/1728.jpg,X000XX00
test/1729.bmp,X000XX00
test/1730.jpg,X000XX00
test/1731.bmp,X000XX00
test/1732.jpeg,X000XX00
test/1733.bmp,X000XX00
test/1734.jpg,X000XX00
test/1735.jpg,X000XX00
test/1736.jpg,X000XX00
test/1737.jpg,X000XX00
test/1738.jpg,X000XX00
test/1739.jpg,X000XX00
test/1740.jpg,X000XX00
test/1741.jpg,X000XX00
test/1742.jpg,X000XX00
test/1743.jpg,X000XX00
test/1744.jpg,X000XX00
test/1745.jpg,X000XX00
test/1746.jpg,X000XX00
test/1747.bmp,X000XX00
test/1748.jpg,X000XX00
test/1749.jpg,X000XX00
test/1750.jpg,X000XX00
test/1751.jpg,X000XX00
test/1752.jpg,X000XX00
test/1753.jpg,X000XX00
test/1754.bmp,X000XX00
test/1755.jpg,X000XX00
test/1756.jpg,X000XX00
test/1757.jpg,X000XX00
test/1758.bmp,X000XX00
test/1759.jpg,X000XX00
test/1760.bmp,X000XX00
test/1761.jpg,X000XX00
test/1762.jpg,X000XX00
test/1763.jpg,X000XX00
test/1764.jpg,X000XX00
test/1765.jpg,X000XX00
test/1766.jpg,X000XX00
test/1767.jpg,X000XX00
test/1768.jpg,X000XX00
test/1769.bmp,X000XX00
test/1770.jpeg,X000XX00
test/1771.bmp,X000XX00
test/1772.jpg,X000XX00
test/1773.bmp,X000XX00
test/1774.jpg,X000XX00
test/1775.jpg,X000XX00
test/1776.jpg,X000XX00
test/1777.bmp,X000XX00
test/1779.jpg,X000XX00
test/1780.jpg,X000XX00
test/1781.bmp,X000XX00
test/1782.jpg,X000XX00
test/1783.jpg,X000XX00
test/1784.bmp,X000XX00
test/1785.jpg,X000XX00
test/1786.jpg,X000XX00
test/1787.jpg,X000XX00
test/1788.bmp,X000XX00
test/1789.jpg,X000XX00
test/1790.bmp,X000XX00
test/1791.jpg,X000XX00
test/1792.jpg,X000XX00
test/1793.jpg,X000XX00
test/1794.jpg,X000XX00
test/1795.jpg,X000XX00
test/1796.jpg,X000XX00
test/1797.jpg,X000XX00
test/1798.bmp,X000XX00
test/1799.jpg,X000XX00
test/1800.jpg,X000XX00
test/1801.jpg,X000XX00
test/1802.jpg,X000XX00
test/1803.jpg,X000XX00
test/1804.jpg,X000XX00
test/1805.jpg,X000XX00
test/1806.jpg,X000XX00
test/1807.bmp,X000XX00
test/1808.jpg,X000XX00
test/1809.jpg,X000XX00
test/1810.bmp,X000XX00
test/1811.jpg,X000XX00
test/1812.jpg,X000XX00
test/1813.jpg,X000XX00
test/1814.JPG,X000XX00
test/1815.jpeg,X000XX00
test/1816.jpg,X000XX00
test/1817.bmp,X000XX00
test/1818.jpg,X000XX00
test/1819.bmp,X000XX00
test/1820.bmp,X000XX00
test/1821.jpg,X000XX00
test/1822.jpg,X000XX00
test/1823.jpg,X000XX00
test/1824.bmp,X000XX00
test/1825.jpg,X000XX00
test/1826.jpg,X000XX00
test/1827.jpg,X000XX00
test/1828.jpg,X000XX00
test/1829.jpg,X000XX00
test/1830.jpg,X000XX00
test/1831.bmp,X000XX00
test/1832.jpg,X000XX00
test/1833.jpg,X000XX00
test/1834.jpg,X000XX00
test/1835.jpg,X000XX00
test/1836.jpg,X000XX00
test/1837.jpg,X000XX00
test/1838.bmp,X000XX00
test/1839.bmp,X000XX00
test/1840.bmp,X000XX00
test/1841.jpg,X000XX00
test/1842.jpg,X000XX00
test/1843.bmp,X000XX00
test/1844.jpg,X000XX00
test/1845.jpg,X000XX00
test/1846.jpg,X000XX00
test/1847.jpg,X000XX00
test/1848.bmp,X000XX00
test/1849.png,X000XX00
test/1850.jpg,X000XX00
test/1851.jpg,X000XX00
test/1852.bmp,X000XX00
test/1853.jpg,X000XX00
test/1854.jpg,X000XX00
test/1855.jpg,X000XX00
test/1856.jpg,X000XX00
test/1857.jpg,X000XX00
test/1858.jpg,X000XX00
test/1859.jpg,X000XX00
test/1860.jpg,X000XX00
test/1861.bmp,X000XX00
test/1862.jpg,X000XX00
test/1863.jpg,X000XX00
test/1864.bmp,X000XX00
test/1865.jpg,X000XX00
test/1866.jpg,X000XX00
test/1867.jpg,X000XX00
test/1868.jpg,X000XX00
test/1869.bmp,X000XX00
test/1870.jpg,X000XX00
test/1871.jpg,X000XX00
test/1872.bmp,X000XX00
test/1873.bmp,X000XX00
test/1874.jpg,X000XX00
test/1875.jpg,X000XX00
test/1876.jpg,X000XX00
test/1877.jpg,X000XX00
test/1878.jpg,X000XX00
test/1879.jpg,X000XX00
test/1880.jpg,X000XX00
test/1881.jpg,X000XX00
test/1882.jpg,X000XX00
test/1883.bmp,X000XX00
test/1884.jpg,X000XX00
test/1885.jpg,X000XX00
test/1886.jpg,X000XX00
test/1887.bmp,X000XX00
test/1888.bmp,X000XX00
test/1889.jpg,X000XX00
test/1890.jpg,X000XX00
test/1891.jpg,X000XX00
test/1892.jpg,X000XX00
test/1893.jpg,X000XX00
test/1894.jpg,X000XX00
test/1895.bmp,X000XX00
test/1896.bmp,X000XX00
test/1897.jpg,X000XX00
test/1898.jpg,X000XX00
test/1899.jpg,X000XX00
test/1900.jpg,X000XX00
test/1901.bmp,X000XX00
test/1902.jpg,X000XX00
test/1903.jpg,X000XX00
test/1904.jpg,X000XX00
test/1905.bmp,X000XX00
test/1906.png,X000XX00
test/1907.jpg,X000XX00
test/1908.jpg,X000XX00
test/1909.bmp,X000XX00
test/1910.jpg,X000XX00
test/1911.jpg,X000XX00
test/1912.jpeg,X000XX00
test/1913.bmp,X000XX00
test/1914.jpg,X000XX00
test/1915.bmp,X000XX00
test/1916.jpg,X000XX00
test/1917.jpg,X000XX00
test/1918.png,X000XX00
test/1919.jpg,X000XX00
test/1921.jpg,X000XX00
test/1922.jpg,X000XX00
test/1923.bmp,X000XX00
test/1924.jpg,X000XX00
test/1925.jpg,X000XX00
test/1926.bmp,X000XX00
test/1927.jpg,X000XX00
test/1928.jpg,X000XX00
test/1929.jpg,X000XX00
test/1930.jpg,X000XX00
test/1931.jpg,X000XX00
test/1932.jpg,X000XX00
test/1933.jpg,X000XX00
test/1934.jpg,X000XX00
test/1935.jpeg,X000XX00
test/1936.jpg,X000XX00
test/1937.jpg,X000XX00
test/1938.jpg,X000XX00
test/1939.bmp,X000XX00
test/1940.jpg,X000XX00
test/1941.jpg,X000XX00
test/1942.jpg,X000XX00
test/1943.bmp,X000XX00
test/1944.jpg,X000XX00
test/1945.bmp,X000XX00
test/1946.jpg,X000XX00
test/1947.bmp,X000XX00
test/1948.jpg,X000XX00
test/1949.jpg,X000XX00
test/1950.jpg,X000XX00
test/1951.bmp,X000XX00
test/1952.jpg,X000XX00
test/1953.jpg,X000XX00
test/1954.jpg,X000XX00
test/1955.jpg,X000XX00
test/1956.jpg,X000XX00
test/1957.jpg,X000XX00
test/1958.png,X000XX00
test/1959.jpg,X000XX00
test/1960.bmp,X000XX00
test/1961.jpg,X000XX00
test/1962.jpg,X000XX00
test/1963.jpg,X000XX00
test/1964.jpg,X000XX00
test/1965.bmp,X000XX00
test/1966.jpg,X000XX00
test/1967.bmp,X000XX00
test/1968.jpg,X000XX00
test/1969.jpg,X000XX00
test/1970.bmp,X000XX00
test/1971.bmp,X000XX00
test/1972.bmp,X000XX00
test/1973.jpg,X000XX00
test/1974.jpg,X000XX00
test/1975.jpg,X000XX00
test/1976.jpg,X000XX00
test/1977.jpg,X000XX00
test/1978.bmp,X000XX00
test/1979.bmp,X000XX00
test/1980.bmp,X000XX00
test/1981.bmp,X000XX00
test/1982.jpg,X000XX00
test/1983.jpg,X000XX00
test/1984.jpg,X000XX00
test/1985.bmp,X000XX00
test/1986.jpg,X000XX00
test/1987.jpg,X000XX00
test/1988.bmp,X000XX00
test/1989.jpg,X000XX00
test/1990.jpg,X000XX00
test/1991.jpg,X000XX00
test/1992.bmp,X000XX00
test/1993.bmp,X000XX00
test/1994.jpg,X000XX00
test/1995.jpg,X000XX00
test/1996.jpg,X000XX00
test/1997.jpg,X000XX00
test/1998.jpg,X000XX00
test/1999.jpg,X000XX00
test/2000.jpg,X000XX00
test/2001.jpg,X000XX00
test/2002.jpg,X000XX00
test/2003.bmp,X000XX00
test/2004.bmp,X000XX00
test/2005.jpg,X000XX00
test/2006.jpg,X000XX00
test/2007.jpg,X000XX00
test/2008.bmp,X000XX00
test/2009.bmp,X000XX00
test/2010.bmp,X000XX00
test/2011.jpg,X000XX00
test/2012.bmp,X000XX00
test/2013.jpg,X000XX00
test/2014.jpg,X000XX00
test/2015.bmp,X000XX00
test/2016.bmp,X000XX00
test/2017.jpg,X000XX00
test/2018.jpg,X000XX00
test/2019.jpg,X000XX00
test/2020.jpg,X000XX00
test/2021.jpg,X000XX00
test/2022.jpg,X000XX00
test/2023.bmp,X000XX00
test/2024.jpg,X000XX00
test/2025.jpg,X000XX00
test/2026.jpg,X000XX00
test/2027.jpg,X000XX00
test/2028.jpg,X000XX00
test/2029.jpg,X000XX00
test/2030.jpg,X000XX00
test/2031.bmp,X000XX00
test/2032.bmp,X000XX00
test/2033.jpg,X000XX00
test/2034.bmp,X000XX00
test/2035.jpg,X000XX00
test/2036.jpg,X000XX00
test/2037.jpg,X000XX00
test/2038.bmp,X000XX00
test/2039.jpg,X000XX00
test/2040.jpg,X000XX00
test/2041.jpg,X000XX00
test/2042.jpg,X000XX00
test/2043.jpg,X000XX00
test/2044.jpg,X000XX00
test/2045.jpg,X000XX00
test/2046.jpg,X000XX00
test/2047.jpg,X000XX00
test/2048.bmp,X000XX00
test/2049.bmp,X000XX00
test/2050.jpg,X000XX00
test/2051.bmp,X000XX00
test/2052.jpg,X000XX00
test/2053.jpg,X000XX00
test/2054.bmp,X000XX00
test/2055.jpg,X000XX00
test/2056.jpg,X000XX00
test/2057.jpg,X000XX00
test/2058.jpg,X000XX00
test/2059.jpg,X000XX00
test/2060.jpeg,X000XX00
test/2061.jpg,X000XX00
test/2062.bmp,X000XX00
test/2063.jpg,X000XX00
test/2064.jpg,X000XX00
test/2065.bmp,X000XX00
test/2066.jpg,X000XX00
test/2067.jpg,X000XX00
test/2068.bmp,X000XX00
test/2069.jpg,X000XX00
test/2070.jpg,X000XX00
test/2071.jpg,X000XX00
test/2072.bmp,X000XX00
test/2073.jpg,X000XX00
test/2074.jpg,X000XX00
test/2075.jpg,X000XX00
test/2076.jpg,X000XX00
test/2077.bmp,X000XX00
test/2078.jpg,X000XX00
test/2079.jpg,X000XX00
test/2080.bmp,X000XX00
test/2081.jpg,X000XX00
test/2082.jpg,X000XX00
test/2083.jpeg,X000XX00
test/2084.jpg,X000XX00
test/2085.jpg,X000XX00
test/2086.bmp,X000XX00
test/2087.jpg,X000XX00
test/2088.jpg,X000XX00
test/2089.jpg,X000XX00
test/2090.jpg,X000XX00
test/2091.bmp,X000XX00
test/2092.jpg,X000XX00
test/2093.bmp,X000XX00
test/2094.jpg,X000XX00
test/2095.jpg,X000XX00
test/2096.jpg,X000XX00
test/2097.jpg,X000XX00
test/2098.jpg,X000XX00
test/2099.jpg,X000XX00
test/2100.bmp,X000XX00
test/2101.jpg,X000XX00
test/2102.jpg,X000XX00
test/2103.jpg,X000XX00
test/2104.jpg,X000XX00
test/2105.bmp,X000XX00
test/2106.bmp,X000XX00
test/2107.jpg,X000XX00
test/2108.bmp,X000XX00
test/2109.jpg,X000XX00
test/2110.jpg,X000XX00
test/2111.jpg,X000XX00
test/2112.bmp,X000XX00
test/2114.jpg,X000XX00
test/2115.jpg,X000XX00
test/2116.jpg,X000XX00
test/2117.jpg,X000XX00
test/2118.jpg,X000XX00
test/2119.bmp,X000XX00
test/2120.jpg,X000XX00
test/2121.jpg,X000XX00
test/2122.jpg,X000XX00
test/2123.jpg,X000XX00
test/2124.bmp,X000XX00
test/2125.bmp,X000XX00
test/2126.jpg,X000XX00
test/2127.jpg,X000XX00
test/2128.bmp,X000XX00
test/2129.jpg,X000XX00
test/2130.jpg,X000XX00
test/2131.jpg,X000XX00
test/2132.bmp,X000XX00
test/2133.jpg,X000XX00
test/2134.bmp,X000XX00
test/2135.jpg,X000XX00
test/2136.jpg,X000XX00
test/2137.jpg,X000XX00
test/2138.bmp,X000XX00
test/2139.bmp,X000XX00
test/2140.bmp,X000XX00
test/2141.jpg,X000XX00
test/2142.jpg,X000XX00
test/2143.bmp,X000XX00
test/2144.bmp,X000XX00
test/2145.jpg,X000XX00
test/2146.jpg,X000XX00
test/2147.jpg,X000XX00
test/2148.jpg,X000XX00
test/2149.bmp,X000XX00
test/2150.png,X000XX00
test/2151.jpg,X000XX00
test/2152.bmp,X000XX00
test/2153.jpg,X000XX00
test/2154.jpg,X000XX00
test/2155.bmp,X000XX00
test/2156.jpg,X000XX00
test/2157.jpg,X000XX00
test/2158.bmp,X000XX00
test/2159.jpg,X000XX00
test/2160.jpg,X000XX00
test/2161.bmp,X000XX00
test/2162.jpg,X000XX00
test/2164.bmp,X000XX00
test/2165.jpg,X000XX00
test/2166.jpg,X000XX00
test/2167.jpg,X000XX00
test/2168.jpg,X000XX00
test/2169.jpg,X000XX00
test/2170.jpg,X000XX00
test/2171.bmp,X000XX00
test/2172.jpg,X000XX00
test/2173.png,X000XX00
test/2174.jpg,X000XX00
test/2175.jpg,X000XX00
test/2176.bmp,X000XX00
test/2177.bmp,X000XX00
test/2178.bmp,X000XX00
test/2179.bmp,X000XX00
test/2180.jpg,X000XX00
test/2181.png,X000XX00
test/2182.jpg,X000XX00
test/2183.jpg,X000XX00
test/2184.jpg,X000XX00
test/2185.jpg,X000XX00
test/2186.jpg,X000XX00
test/2187.bmp,X000XX00
test/2188.jpg,X000XX00
test/2189.jpg,X000XX00
test/2190.jpg,X000XX00
test/2191.bmp,X000XX00
test/2192.bmp,X000XX00
test/2193.jpg,X000XX00
test/2194.jpg,X000XX00
test/2195.jpg,X000XX00
test/2196.jpg,X000XX00
test/2197.jpg,X000XX00
test/2198.jpg,X000XX00
test/2199.jpg,X000XX00
test/2200.jpg,X000XX00
test/2201.jpg,X000XX00
test/2202.jpg,X000XX00
test/2203.jpg,X000XX00
test/2204.jpg,X000XX00
test/2205.bmp,X000XX00
test/2206.bmp,X000XX00
test/2207.jpg,X000XX00
test/2208.jpg,X000XX00
test/2209.jpg,X000XX00
test/2210.jpg,X000XX00
test/2211.jpg,X000XX00
test/2212.bmp,X000XX00
test/2213.jpg,X000XX00
test/2214.jpg,X000XX00
test/2215.jpg,X000XX00
test/2216.jpg,X000XX00
test/2217.jpg,X000XX00
test/2218.jpg,X000XX00
test/2219.jpg,X000XX00
test/2220.bmp,X000XX00
test/2221.jpg,X000XX00
test/2222.bmp,X000XX00
test/2223.bmp,X000XX00
test/2224.jpg,X000XX00
test/2225.png,X000XX00
test/2226.jpg,X000XX00
test/2227.jpg,X000XX00
test/2228.bmp,X000XX00
test/2229.jpg,X000XX00
test/2230.bmp,X000XX00
test/2231.jpg,X000XX00
test/2232.bmp,X000XX00
test/2233.jpg,X000XX00
test/2234.bmp,X000XX00
test/2236.jpg,X000XX00
test/2237.jpg,X000XX00
test/2238.jpg,X000XX00
test/2239.jpg,X000XX00
test/2240.jpg,X000XX00
test/2241.jpg,X000XX00
test/2242.jpg,X000XX00
test/2243.bmp,X000XX00
test/2244.bmp,X000XX00
test/2245.jpg,X000XX00
test/2246.jpg,X000XX00
test/2247.jpg,X000XX00
test/2248.jpg,X000XX00
test/2249.jpg,X000XX00
test/2250.jpg,X000XX00
test/2251.bmp,X000XX00
test/2252.jpg,X000XX00
test/2253.bmp,X000XX00
test/2254.jpg,X000XX00
test/2255.jpg,X000XX00
test/2256.bmp,X000XX00
test/2257.jpg,X000XX00
test/2258.jpg,X000XX00
test/2259.jpg,X000XX00
test/2260.jpg,X000XX00
test/2261.jpg,X000XX00
test/2262.bmp,X000XX00
test/2263.jpg,X000XX00
test/2264.jpg,X000XX00
test/2266.jpg,X000XX00
test/2267.jpg,X000XX00
test/2268.jpg,X000XX00
test/2269.jpg,X000XX00
test/2270.jpg,X000XX00
test/2271.bmp,X000XX00
test/2272.bmp,X000XX00
test/2273.bmp,X000XX00
test/2274.bmp,X000XX00
test/2275.jpg,X000XX00
test/2276.jpg,X000XX00
test/2277.bmp,X000XX00
test/2278.jpg,X000XX00
test/2279.jpg,X000XX00
test/2280.jpg,X000XX00
test/2281.jpg,X000XX00
test/2282.jpg,X000XX00
test/2283.jpg,X000XX00
test/2284.jpg,X000XX00
test/2285.jpg,X000XX00
test/2286.jpg,X000XX00
test/2287.jpg,X000XX00
test/2288.bmp,X000XX00
test/2289.jpg,X000XX00
test/2290.jpg,X000XX00
test/2291.jpg,X000XX00
test/2292.bmp,X000XX00
test/2293.jpg,X000XX00
test/2294.bmp,X000XX00
test/2295.bmp,X000XX00
test/2296.bmp,X000XX00
test/2297.bmp,X000XX00
test/2298.jpg,X000XX00
test/2299.jpg,X000XX00
test/2300.bmp,X000XX00
test/2301.bmp,X000XX00
test/2302.jpg,X000XX00
test/2303.jpg,X000XX00
test/2304.bmp,X000XX00
test/2305.jpg,X000XX00
test/2306.bmp,X000XX00
test/2307.jpg,X000XX00
test/2308.bmp,X000XX00
test/2309.jpeg,X000XX00
test/2310.jpg,X000XX00
test/2311.jpg,X000XX00
test/2312.jpg,X000XX00
test/2313.bmp,X000XX00
test/2314.jpg,X000XX00
test/2315.jpg,X000XX00
test/2316.jpg,X000XX00
test/2317.jpg,X000XX00
test/2318.jpg,X000XX00
test/2319.jpg,X000XX00
test/2320.jpg,X000XX00
test/2321.jpg,X000XX00
test/2322.bmp,X000XX00
test/2323.bmp,X000XX00
test/2324.bmp,X000XX00
test/2325.jpg,X000XX00
test/2326.bmp,X000XX00
test/2327.jpg,X000XX00
test/2328.jpg,X000XX00
test/2329.bmp,X000XX00
test/2330.jpg,X000XX00
test/2331.jpg,X000XX00
test/2332.bmp,X000XX00
test/2333.jpg,X000XX00
test/2334.jpg,X000XX00
test/2335.jpg,X000XX00
test/2336.jpg,X000XX00
test/2337.jpg,X000XX00
test/2338.jpg,X000XX00
test/2339.jpg,X000XX00
test/2340.jpg,X000XX00
test/2341.bmp,X000XX00
test/2342.jpg,X000XX00
test/2343.bmp,X000XX00
test/2344.jpg,X000XX00
test/2345.jpg,X000XX00
test/2346.jpg,X000XX00
test/2347.jpg,X000XX00
test/2348.bmp,X000XX00
test/2349.jpg,X000XX00
test/2350.jpg,X000XX00
test/2351.bmp,X000XX00
test/2352.jpg,X000XX00
test/2353.bmp,X000XX00
test/2354.jpg,X000XX00
test/2355.bmp,X000XX00
test/2356.bmp,X000XX00
test/2357.jpg,X000XX00
test/2358.bmp,X000XX00
test/2359.jpg,X000XX00
test/2360.jpg,X000XX00
test/2361.bmp,X000XX00
test/2362.bmp,X000XX00
test/2363.jpg,X000XX00
test/2364.bmp,X000XX00
test/2365.bmp,X000XX00
test/2366.jpg,X000XX00
test/2367.jpg,X000XX00
test/2368.jpg,X000XX00
test/2369.jpg,X000XX00
test/2370.jpg,X000XX00
test/2371.jpg,X000XX00
test/2372.jpg,X000XX00
test/2373.jpg,X000XX00
test/2374.jpg,X000XX00
test/2375.jpg,X000XX00
test/2376.jpg,X000XX00
test/2377.jpg,X000XX00
test/2378.jpg,X000XX00
test/2379.jpg,X000XX00
test/2380.jpg,X000XX00
test/2381.jpg,X000XX00
test/2382.jpg,X000XX00
test/2383.jpg,X000XX00
test/2384.jpg,X000XX00
test/2386.jpg,X000XX00
test/2387.jpg,X000XX00
test/2388.jpg,X000XX00
test/2389.jpg,X000XX00
test/2390.jpg,X000XX00
test/2391.jpg,X000XX00
test/2392.jpg,X000XX00
test/2393.jpg,X000XX00
test/2394.bmp,X000XX00
test/2395.bmp,X000XX00
test/2396.bmp,X000XX00
test/2397.bmp,X000XX00
test/2398.jpg,X000XX00
test/2399.bmp,X000XX00
test/2400.jpg,X000XX00
test/2401.bmp,X000XX00
test/2402.bmp,X000XX00
test/2403.jpg,X000XX00
test/2404.jpg,X000XX00
test/2405.jpg,X000XX00
test/2406.bmp,X000XX00
test/2407.jpg,X000XX00
test/2408.jpg,X000XX00
test/2409.jpg,X000XX00
test/2410.bmp,X000XX00
test/2411.jpg,X000XX00
test/2412.jpg,X000XX00
test/2413.jpg,X000XX00
test/2414.jpeg,X000XX00
test/2415.jpg,X000XX00
test/2416.jpg,X000XX00
test/2417.bmp,X000XX00
test/2418.jpg,X000XX00
test/2419.jpg,X000XX00
test/2420.jpg,X000XX00
test/2421.jpg,X000XX00
test/2422.jpg,X000XX00
test/2423.jpg,X000XX00
test/2424.jpg,X000XX00
test/2425.bmp,X000XX00
test/2426.bmp,X000XX00
test/2427.jpg,X000XX00
test/2428.jpg,X000XX00
test/2429.jpg,X000XX00
test/2430.jpg,X000XX00
test/2431.bmp,X000XX00
test/2432.jpg,X000XX00
test/2433.jpg,X000XX00
test/2434.jpg,X000XX00
test/2435.jpg,X000XX00
test/2436.jpg,X000XX00
test/2437.jpg,X000XX00
test/2438.jpg,X000XX00
test/2439.jpg,X000XX00
test/2440.jpg,X000XX00
test/2441.jpg,X000XX00
test/2442.jpg,X000XX00
test/2443.bmp,X000XX00
test/2444.jpg,X000XX00
test/2445.jpg,X000XX00
test/2446.jpg,X000XX00
test/2447.jpg,X000XX00
test/2448.jpg,X000XX00
test/2449.jpg,X000XX00
test/2450.bmp,X000XX00
test/2451.bmp,X000XX00
test/2452.jpg,X000XX00
test/2453.bmp,X000XX00
test/2454.jpg,X000XX00
test/2455.jpg,X000XX00
test/2456.jpg,X000XX00
test/2457.bmp,X000XX00
test/2458.jpg,X000XX00
test/2459.jpg,X000XX00
test/2460.jpg,X000XX00
test/2461.jpg,X000XX00
test/2462.jpg,X000XX00
test/2463.png,X000XX00
test/2464.jpg,X000XX00
test/2466.bmp,X000XX00
test/2467.jpg,X000XX00
test/2468.jpg,X000XX00
test/2469.jpg,X000XX00
test/2470.jpg,X000XX00
test/2471.jpg,X000XX00
test/2472.bmp,X000XX00
test/2473.jpg,X000XX00
test/2474.jpg,X000XX00
test/2475.jpg,X000XX00
test/2476.bmp,X000XX00
test/2477.jpg,X000XX00
test/2478.bmp,X000XX00
test/2479.jpg,X000XX00
test/2480.jpg,X000XX00
test/2481.jpg,X000XX00
test/2482.bmp,X000XX00
test/2483.jpg,X000XX00
test/2484.jpg,X000XX00
test/2485.jpg,X000XX00
test/2486.jpg,X000XX00
test/2487.jpg,X000XX00
test/2488.bmp,X000XX00
test/2489.bmp,X000XX00
test/2490.jpg,X000XX00
test/2491.jpg,X000XX00
test/2492.jpg,X000XX00
test/2493.jpg,X000XX00
test/2494.bmp,X000XX00
test/2495.jpg,X000XX00
test/2496.jpg,X000XX00
test/2497.bmp,X000XX00
test/2498.jpg,X000XX00
test/2499.jpg,X000XX00
test/2500.bmp,X000XX00
test/2501.bmp,X000XX00
test/2503.bmp,X000XX00
test/2504.bmp,X000XX00
test/2505.jpg,X000XX00
test/2506.jpg,X000XX00
test/2507.jpg,X000XX00
test/2508.jpg,X000XX00
test/2509.jpg,X000XX00
test/2510.jpg,X000XX00
test/2511.jpg,X000XX00
test/2512.jpg,X000XX00
test/2513.jpg,X000XX00
test/2514.jpg,X000XX00
test/2515.jpg,X000XX00
test/2516.jpg,X000XX00
test/2517.jpeg,X000XX00
test/2518.jpg,X000XX00
test/2519.jpg,X000XX00
test/2520.bmp,X000XX00
test/2522.bmp,X000XX00
test/2523.jpg,X000XX00
test/2524.bmp,X000XX00
test/2525.jpg,X000XX00
test/2526.jpg,X000XX00
test/2527.jpg,X000XX00
test/2528.jpg,X000XX00
test/2529.jpg,X000XX00
test/2530.jpg,X000XX00
test/2531.jpg,X000XX00
test/2532.jpg,X000XX00
test/2533.bmp,X000XX00
test/2534.jpg,X000XX00
test/2535.bmp,X000XX00
test/2536.jpg,X000XX00
test/2537.jpg,X000XX00
test/2538.jpg,X000XX00
test/2539.jpg,X000XX00
test/2540.jpg,X000XX00
test/2541.jpg,X000XX00
test/2542.jpg,X000XX00
test/2543.jpg,X000XX00
test/2544.jpg,X000XX00
test/2545.jpg,X000XX00
test/2546.jpg,X000XX00
test/2547.jpg,X000XX00
test/2548.jpg,X000XX00
test/2549.jpg,X000XX00
test/2550.bmp,X000XX00
test/2551.png,X000XX00
test/2552.jpg,X000XX00
test/2553.bmp,X000XX00
test/2554.jpg,X000XX00
test/2555.bmp,X000XX00
test/2556.jpg,X000XX00
test/2557.jpg,X000XX00
test/2558.jpg,X000XX00
test/2560.jpg,X000XX00
test/2561.jpg,X000XX00
test/2562.bmp,X000XX00
test/2563.bmp,X000XX00
test/2564.jpg,X000XX00
test/2565.bmp,X000XX00
test/2566.jpg,X000XX00
test/2567.jpg,X000XX00
test/2568.jpg,X000XX00
test/2569.jpg,X000XX00
test/2570.bmp,X000XX00
test/2571.jpg,X000XX00
test/2572.jpg,X000XX00
test/2574.jpg,X000XX00
test/2576.jpg,X000XX00
test/2577.jpg,X000XX00
test/2578.bmp,X000XX00
test/2579.jpg,X000XX00
test/2580.jpg,X000XX00
test/2581.jpg,X000XX00
test/2582.jpg,X000XX00
test/2583.jpg,X000XX00
test/2584.bmp,X000XX00
test/2585.jpg,X000XX00
test/2586.jpg,X000XX00
test/2587.jpg,X000XX00
test/2588.jpg,X000XX00
test/2589.bmp,X000XX00
test/2590.jpg,X000XX00
test/2591.bmp,X000XX00
test/2592.jpg,X000XX00
test/2593.jpg,X000XX00
test/2594.jpg,X000XX00
test/2595.jpg,X000XX00
test/2596.bmp,X000XX00
test/2597.jpg,X000XX00
test/2598.jpg,X000XX00
test/2599.jpg,X000XX00
test/2600.jpg,X000XX00
test/2601.bmp,X000XX00
test/2602.jpg,X000XX00
test/2603.bmp,X000XX00
test/2604.bmp,X000XX00
test/2605.jpg,X000XX00
test/2606.jpg,X000XX00
test/2607.png,X000XX00
test/2608.jpg,X000XX00
test/2610.bmp,X000XX00
test/2611.bmp,X000XX00
test/2612.jpg,X000XX00
test/2613.jpg,X000XX00
test/2614.jpg,X000XX00
test/2615.jpg,X000XX00
test/2616.bmp,X000XX00
test/2617.jpg,X000XX00
test/2618.bmp,X000XX00
test/2619.jpg,X000XX00
test/2620.jpg,X000XX00
test/2621.jpg,X000XX00
test/2622.jpg,X000XX00
test/2623.jpg,X000XX00
test/2624.bmp,X000XX00
test/2625.jpg,X000XX00
test/2626.jpg,X000XX00
test/2627.bmp,X000XX00
test/2628.jpg,X000XX00
test/2629.jpg,X000XX00
test/2631.jpg,X000XX00
test/2632.jpg,X000XX00
test/2633.jpg,X000XX00
test/2634.jpg,X000XX00
test/2635.bmp,X000XX00
test/2636.jpg,X000XX00
test/2637.jpg,X000XX00
test/2638.bmp,X000XX00
test/2639.jpg,X000XX00
test/2640.bmp,X000XX00
test/2641.bmp,X000XX00
test/2642.jpg,X000XX00
test/2643.jpg,X000XX00
test/2644.jpg,X000XX00
test/2645.jpg,X000XX00
test/2646.jpeg,X000XX00
test/2647.jpg,X000XX00
test/2648.jpg,X000XX00
test/2649.jpg,X000XX00
test/2650.jpg,X000XX00
test/2651.bmp,X000XX00
test/2652.jpg,X000XX00
test/2653.jpg,X000XX00
test/2654.jpg,X000XX00
test/2655.jpg,X000XX00
test/2656.jpg,X000XX00
test/2657.bmp,X000XX00
test/2658.jpg,X000XX00
test/2659.jpg,X000XX00
test/2660.bmp,X000XX00
test/2661.jpg,X000XX00
test/2662.bmp,X000XX00
test/2663.bmp,X000XX00
test/2665.bmp,X000XX00
test/2666.bmp,X000XX00
test/2667.jpg,X000XX00
test/2668.png,X000XX00
test/2669.jpg,X000XX00
test/2670.jpg,X000XX00
test/2671.bmp,X000XX00
test/2672.jpeg,X000XX00
test/2673.jpg,X000XX00
test/2674.jpg,X000XX00
test/2675.jpg,X000XX00
test/2676.jpg,X000XX00
test/2677.bmp,X000XX00
test/2678.jpg,X000XX00
test/2679.jpg,X000XX00
test/2680.bmp,X000XX00
test/2681.jpg,X000XX00
test/2682.bmp,X000XX00
test/2683.jpg,X000XX00
test/2684.jpg,X000XX00
test/2685.jpg,X000XX00
test/2686.jpg,X000XX00
test/2687.bmp,X000XX00
test/2688.jpg,X000XX00
test/2689.bmp,X000XX00
test/2690.jpg,X000XX00
test/2691.png,X000XX00
test/2692.bmp,X000XX00
test/2693.jpg,X000XX00
test/2694.bmp,X000XX00
test/2695.jpg,X000XX00
test/2696.png,X000XX00
test/2697.jpg,X000XX00
test/2698.jpg,X000XX00
test/2699.jpg,X000XX00
test/2700.jpg,X000XX00
test/2701.jpg,X000XX00
test/2702.jpg,X000XX00
test/2703.jpg,X000XX00
test/2704.bmp,X000XX00
test/2705.jpg,X000XX00
test/2706.bmp,X000XX00
test/2707.jpg,X000XX00
test/2708.bmp,X000XX00
test/2709.jpg,X000XX00
test/2710.bmp,X000XX00
test/2711.jpg,X000XX00
test/2712.jpg,X000XX00
test/2713.bmp,X000XX00
test/2714.jpg,X000XX00
test/2715.jpg,X000XX00
test/2716.jpg,X000XX00
test/2717.jpg,X000XX00
test/2718.jpg,X000XX00
test/2719.jpg,X000XX00
test/2720.jpg,X000XX00
test/2721.jpg,X000XX00
test/2722.jpg,X000XX00
test/2723.jpg,X000XX00
test/2724.bmp,X000XX00
test/2725.bmp,X000XX00
test/2726.jpg,X000XX00
test/2727.jpg,X000XX00
test/2728.jpg,X000XX00
test/2729.jpg,X000XX00
test/2730.jpg,X000XX00
test/2731.jpg,X000XX00
test/2732.bmp,X000XX00
test/2733.jpg,X000XX00
test/2734.jpg,X000XX00
test/2736.jpg,X000XX00
test/2737.jpg,X000XX00
test/2738.jpg,X000XX00
test/2739.jpg,X000XX00
test/2740.jpg,X000XX00
test/2741.jpg,X000XX00
test/2742.jpg,X000XX00
test/2743.bmp,X000XX00
test/2744.bmp,X000XX00
test/2745.bmp,X000XX00
test/2746.jpg,X000XX00
test/2747.bmp,X000XX00
test/2748.bmp,X000XX00
test/2749.JPG,X000XX00
test/2750.jpg,X000XX00
test/2751.jpg,X000XX00
test/2752.jpg,X000XX00
test/2753.jpg,X000XX00
test/2754.jpg,X000XX00
test/2755.jpg,X000XX00
test/2756.jpg,X000XX00
test/2757.jpg,X000XX00
test/2758.bmp,X000XX00
test/2759.jpeg,X000XX00
test/2760.jpg,X000XX00
test/2761.jpg,X000XX00
test/2762.bmp,X000XX00
test/2763.jpg,X000XX00
test/2764.jpg,X000XX00
test/2765.jpg,X000XX00
test/2766.jpg,X000XX00
test/2767.jpg,X000XX00
test/2768.jpg,X000XX00
test/2769.jpg,X000XX00
test/2770.jpg,X000XX00
test/2771.JPG,X000XX00
test/2772.jpg,X000XX00
test/2773.jpg,X000XX00
test/2774.bmp,X000XX00
test/2775.jpg,X000XX00
test/2776.bmp,X000XX00
test/2777.jpg,X000XX00
test/2778.jpg,X000XX00
test/2779.jpg,X000XX00
test/2780.jpg,X000XX00
test/2781.jpg,X000XX00
test/2782.jpg,X000XX00
test/2783.jpg,X000XX00
test/2784.bmp,X000XX00
test/2785.jpg,X000XX00
test/2786.bmp,X000XX00
test/2787.jpg,X000XX00
test/2788.jpg,X000XX00
test/2789.jpg,X000XX00
test/2790.bmp,X000XX00
test/2791.jpg,X000XX00
test/2792.jpg,X000XX00
test/2793.bmp,X000XX00
test/2794.jpg,X000XX00
test/2795.bmp,X000XX00
test/2796.jpg,X000XX00
test/2797.bmp,X000XX00
test/2798.bmp,X000XX00
test/2799.jpg,X000XX00
test/2800.bmp,X000XX00
test/2801.jpg,X000XX00
test/2802.jpg,X000XX00
test/2803.jpg,X000XX00
test/2804.jpg,X000XX00
test/2805.jpg,X000XX00
test/2806.jpg,X000XX00
test/2807.jpg,X000XX00
test/2808.jpg,X000XX00
test/2809.bmp,X000XX00
test/2810.bmp,X000XX00
test/2811.jpg,X000XX00
test/2812.bmp,X000XX00
test/2813.jpg,X000XX00
test/2814.bmp,X000XX00
test/2815.bmp,X000XX00
test/2816.jpg,X000XX00
test/2817.jpg,X000XX00
test/2818.bmp,X000XX00
test/2819.jpg,X000XX00
test/2820.jpg,X000XX00
test/2821.jpg,X000XX00
test/2822.jpg,X000XX00
test/2823.jpg,X000XX00
test/2824.jpg,X000XX00
test/2825.jpg,X000XX00
test/2826.jpg,X000XX00
test/2827.jpg,X000XX00
test/2828.jpg,X000XX00
test/2829.bmp,X000XX00
test/2830.jpg,X000XX00
test/2831.jpg,X000XX00
test/2832.bmp,X000XX00
test/2833.jpg,X000XX00
test/2834.jpg,X000XX00
test/2835.bmp,X000XX00
test/2836.jpg,X000XX00
test/2837.jpg,X000XX00
test/2838.bmp,X000XX00
test/2839.jpg,X000XX00
test/2840.jpg,X000XX00
test/2841.jpg,X000XX00
test/2842.jpg,X000XX00
test/2843.jpg,X000XX00
test/2844.jpg,X000XX00
test/2845.jpg,X000XX00
test/2846.jpg,X000XX00
test/2847.jpeg,X000XX00
test/2848.bmp,X000XX00
test/2849.bmp,X000XX00
test/2850.jpg,X000XX00
test/2851.jpg,X000XX00
test/2852.jpg,X000XX00
test/2853.bmp,X000XX00
test/2854.jpg,X000XX00
test/2855.jpg,X000XX00
test/2856.jpg,X000XX00
test/2857.jpg,X000XX00
test/2858.jpg,X000XX00
test/2859.bmp,X000XX00
test/2860.jpg,X000XX00
test/2861.png,X000XX00
test/2862.bmp,X000XX00
test/2863.jpg,X000XX00
test/2864.jpg,X000XX00
test/2865.jpg,X000XX00
test/2866.jpg,X000XX00
test/2867.bmp,X000XX00
test/2868.jpg,X000XX00
test/2869.bmp,X000XX00
test/2870.jpg,X000XX00
test/2871.jpg,X000XX00
test/2872.bmp,X000XX00
test/2873.bmp,X000XX00
test/2874.jpg,X000XX00
test/2875.bmp,X000XX00
test/2876.jpg,X000XX00
test/2877.bmp,X000XX00
test/2878.jpg,X000XX00
test/2879.jpg,X000XX00
test/2880.bmp,X000XX00
test/2881.bmp,X000XX00
test/2882.jpg,X000XX00
test/2883.bmp,X000XX00
test/2884.jpg,X000XX00
test/2885.jpg,X000XX00
test/2886.jpg,X000XX00
test/2887.bmp,X000XX00
test/2888.jpg,X000XX00
test/2889.jpg,X000XX00
test/2890.jpg,X000XX00
test/2891.bmp,X000XX00
test/2892.bmp,X000XX00
test/2893.jpg,X000XX00
test/2894.bmp,X000XX00
test/2895.jpg,X000XX00
test/2896.jpg,X000XX00
test/2897.bmp,X000XX00
test/2898.jpg,X000XX00
test/2899.jpg,X000XX00
test/2900.bmp,X000XX00
test/2901.jpg,X000XX00
test/2902.jpg,X000XX00
test/2903.jpg,X000XX00
test/2904.jpg,X000XX00
test/2905.bmp,X000XX00
test/2906.jpg,X000XX00
test/2907.jpg,X000XX00
test/2908.jpg,X000XX00
test/2909.jpg,X000XX00
test/2910.bmp,X000XX00
test/2911.bmp,X000XX00
test/2912.jpg,X000XX00
test/2913.jpg,X000XX00
test/2914.jpg,X000XX00
test/2915.jpg,X000XX00
test/2916.jpg,X000XX00
test/2917.bmp,X000XX00
test/2918.jpg,X000XX00
test/2919.jpg,X000XX00
test/2920.jpg,X000XX00
test/2921.jpg,X000XX00
test/2922.bmp,X000XX00
test/2923.jpg,X000XX00
test/2924.jpg,X000XX00
test/2925.bmp,X000XX00
test/2926.jpg,X000XX00
test/2927.jpg,X000XX00
test/2928.jpg,X000XX00
test/2929.bmp,X000XX00
test/2930.jpg,X000XX00
test/2931.jpg,X000XX00
test/2932.bmp,X000XX00
test/2933.jpg,X000XX00
test/2934.bmp,X000XX00
test/2935.jpg,X000XX00
test/2936.bmp,X000XX00
test/2937.jpg,X000XX00
test/2938.bmp,X000XX00
test/2939.bmp,X000XX00
test/2940.jpeg,X000XX00
test/2941.jpg,X000XX00
test/2942.jpg,X000XX00
test/2943.bmp,X000XX00
test/2944.bmp,X000XX00
test/2945.bmp,X000XX00
test/2946.jpg,X000XX00
test/2947.jpg,X000XX00
test/2948.jpg,X000XX00
test/2949.jpg,X000XX00
test/2950.jpeg,X000XX00
test/2951.jpg,X000XX00
test/2952.jpg,X000XX00
test/2953.jpg,X000XX00
test/2954.bmp,X000XX00
test/2955.jpg,X000XX00
test/2956.jpg,X000XX00
test/2957.jpg,X000XX00
test/2958.jpg,X000XX00
test/2959.bmp,X000XX00
test/2960.jpg,X000XX00
test/2961.bmp,X000XX00
test/2962.jpg,X000XX00
test/2963.jpg,X000XX00
test/2964.bmp,X000XX00
test/2965.jpg,X000XX00
test/2966.jpg,X000XX00
test/2967.jpg,X000XX00
test/2968.jpg,X000XX00
test/2969.jpg,X000XX00
test/2970.bmp,X000XX00
test/2971.bmp,X000XX00
test/2972.jpg,X000XX00
test/2973.bmp,X000XX00
test/2974.jpg,X000XX00
test/2975.jpg,X000XX00
test/2976.bmp,X000XX00
test/2977.jpg,X000XX00
test/2978.bmp,X000XX00
test/2979.jpg,X000XX00
test/2980.bmp,X000XX00
test/2981.bmp,X000XX00
test/2982.bmp,X000XX00
test/2983.jpg,X000XX00
test/2984.jpg,X000XX00
test/2985.jpg,X000XX00
test/2986.jpg,X000XX00
test/2987.jpg,X000XX00
test/2988.jpg,X000XX00
test/2989.jpg,X000XX00
test/2990.jpg,X000XX00
test/2991.bmp,X000XX00
test/2992.jpg,X000XX00
test/2993.jpg,X000XX00
test/2994.jpg,X000XX00
test/2995.jpg,X000XX00
test/2996.jpg,X000XX00
test/2997.jpg,X000XX00
test/2998.jpg,X000XX00
test/2999.bmp,X000XX00
test/3000.jpg,X000XX00
test/3001.jpg,X000XX00
test/3002.jpg,X000XX00
test/3003.jpg,X000XX00
test/3004.jpg,X000XX00
test/3005.jpg,X000XX00
test/3006.jpg,X000XX00
test/3007.jpg,X000XX00
test/3008.bmp,X000XX00
test/3009.bmp,X000XX00
test/3010.jpg,X000XX00
test/3011.bmp,X000XX00
test/3012.bmp,X000XX00
test/3013.bmp,X000XX00
test/3014.jpg,X000XX00
test/3015.jpg,X000XX00
test/3016.jpg,X000XX00
test/3017.bmp,X000XX00
test/3018.jpg,X000XX00
test/3019.jpg,X000XX00
test/3020.bmp,X000XX00
test/3021.jpg,X000XX00
test/3022.jpg,X000XX00
test/3023.jpg,X000XX00
test/3024.jpg,X000XX00
test/3025.jpg,X000XX00
test/3026.jpg,X000XX00
test/3027.jpg,X000XX00
test/3028.jpg,X000XX00
test/3029.jpg,X000XX00
test/3030.jpg,X000XX00
test/3031.jpg,X000XX00
test/3032.bmp,X000XX00
test/3033.jpg,X000XX00
test/3034.jpg,X000XX00
test/3035.jpg,X000XX00
test/3036.jpg,X000XX00
test/3037.jpg,X000XX00
test/3038.jpg,X000XX00
test/3039.jpeg,X000XX00
test/3040.bmp,X000XX00
test/3041.bmp,X000XX00
test/3042.jpg,X000XX00
test/3043.jpg,X000XX00
test/3044.jpg,X000XX00
test/3045.bmp,X000XX00
test/3046.bmp,X000XX00
test/3047.jpg,X000XX00
test/3048.jpg,X000XX00
test/3049.jpg,X000XX00
test/3050.jpg,X000XX00
test/3051.bmp,X000XX00
test/3052.bmp,X000XX00
test/3053.jpg,X000XX00
test/3054.jpeg,X000XX00
test/3055.jpg,X000XX00
test/3056.bmp,X000XX00
test/3057.bmp,X000XX00
test/3058.jpg,X000XX00
test/3059.jpg,X000XX00
test/3060.jpg,X000XX00
test/3061.jpg,X000XX00
test/3062.jpg,X000XX00
test/3063.jpg,X000XX00
test/3064.bmp,X000XX00
test/3065.jpg,X000XX00
test/3066.jpg,X000XX00
test/3067.bmp,X000XX00
test/3068.jpg,X000XX00
test/3069.jpg,X000XX00
test/3070.bmp,X000XX00
test/3071.bmp,X000XX00
test/3072.jpg,X000XX00
test/3073.jpg,X000XX00
test/3074.jpg,X000XX00
test/3075.jpg,X000XX00
test/3076.jpg,X000XX00
test/3077.jpg,X000XX00
test/3078.bmp,X000XX00
test/3079.bmp,X000XX00
test/3080.jpg,X000XX00
test/3081.jpg,X000XX00
test/3082.jpg,X000XX00
test/3083.jpg,X000XX00
test/3084.jpg,X000XX00
test/3085.jpg,X000XX00
test/3086.png,X000XX00
test/3087.jpg,X000XX00
test/3088.jpg,X000XX00
test/3089.jpg,X000XX00
test/3090.jpg,X000XX00
test/3091.jpg,X000XX00
test/3092.jpg,X000XX00
test/3093.bmp,X000XX00
test/3094.jpg,X000XX00
test/3095.jpg,X000XX00
test/3096.bmp,X000XX00
test/3097.jpg,X000XX00
test/3098.jpg,X000XX00
test/3099.bmp,X000XX00
test/3100.jpg,X000XX00
test/3101.jpg,X000XX00
test/3102.jpg,X000XX00
test/3103.bmp,X000XX00
test/3104.jpg,X000XX00
test/3105.jpg,X000XX00
test/3106.bmp,X000XX00
test/3107.jpg,X000XX00
test/3108.jpg,X000XX00
test/3109.jpg,X000XX00
test/3110.jpg,X000XX00
test/3111.jpg,X000XX00
test/3112.jpg,X000XX00
test/3113.jpg,X000XX00
test/3114.bmp,X000XX00
test/3115.jpg,X000XX00
test/3116.jpg,X000XX00
test/3117.jpg,X000XX00
test/3118.jpg,X000XX00
test/3119.jpg,X000XX00
test/3120.jpg,X000XX00
test/3121.jpg,X000XX00
test/3122.png,X000XX00
test/3124.jpg,X000XX00
test/3125.jpg,X000XX00
test/3126.bmp,X000XX00
test/3127.jpg,X000XX00
test/3128.jpg,X000XX00
test/3129.jpg,X000XX00
test/3130.bmp,X000XX00
test/3131.jpg,X000XX00
test/3132.jpg,X000XX00
test/3133.jpg,X000XX00
test/3134.jpg,X000XX00
test/3135.jpg,X000XX00
test/3136.bmp,X000XX00
test/3137.jpg,X000XX00
test/3138.jpg,X000XX00
test/3139.jpg,X000XX00
test/3140.jpg,X000XX00
test/3141.jpg,X000XX00
test/3142.bmp,X000XX00
test/3143.bmp,X000XX00
test/3144.png,X000XX00
test/3145.bmp,X000XX00
test/3146.jpg,X000XX00
test/3147.jpg,X000XX00
test/3148.jpg,X000XX00
test/3149.bmp,X000XX00
test/3150.jpg,X000XX00
test/3151.bmp,X000XX00
test/3152.jpg,X000XX00
test/3153.jpg,X000XX00
test/3154.jpg,X000XX00
test/3155.jpg,X000XX00
test/3156.jpg,X000XX00
test/3157.jpg,X000XX00
test/3158.jpg,X000XX00
test/3159.bmp,X000XX00
test/3160.jpg,X000XX00
test/3161.jpg,X000XX00
test/3162.jpeg,X000XX00
test/3163.bmp,X000XX00
test/3164.jpg,X000XX00
test/3165.bmp,X000XX00
test/3166.jpg,X000XX00
test/3167.jpg,X000XX00
test/3168.jpg,X000XX00
test/3169.bmp,X000XX00
test/3170.jpg,X000XX00
test/3171.jpg,X000XX00
test/3172.jpg,X000XX00
test/3173.jpeg,X000XX00
test/3174.bmp,X000XX00
test/3175.jpg,X000XX00
test/3176.jpg,X000XX00
test/3177.jpg,X000XX00
test/3178.bmp,X000XX00
test/3179.jpg,X000XX00
test/3180.jpg,X000XX00
test/3181.jpg,X000XX00
test/3182.jpg,X000XX00
test/3183.jpg,X000XX00
test/3184.jpg,X000XX00
test/3185.bmp,X000XX00
test/3187.bmp,X000XX00
